Handle,Option1 Value,Option2 Value,Variant SKU,Variant Price,Variant Image
aolikes-1-pieces-2019-genou-soutien-professionnel-de-protection-sport-genouillere-respirant-pansement-genouillere-basket-ball-tennis-cyclisme,Green,S,16512482-green-s,9.86,https://cdn.shopify.com/s/files/1/0252/8251/0902/products/product-image-1310476642.jpg?v=1584384489
aolikes-1-pieces-2019-genou-soutien-professionnel-de-protection-sport-genouillere-respirant-pansement-genouillere-basket-ball-tennis-cyclisme,Green,M,16512482-green-m,9.86,https://cdn.shopify.com/s/files/1/0252/8251/0902/products/product-image-1310476642.jpg?v=1584384489
aolikes-1-pieces-2019-genou-soutien-professionnel-de-protection-sport-genouillere-respirant-pansement-genouillere-basket-ball-tennis-cyclisme,Green,L,16512482-green-l,9.86,https://cdn.shopify.com/s/files/1/0252/8251/0902/products/product-image-1310476642.jpg?v=1584384489
aolikes-1-pieces-2019-genou-soutien-professionnel-de-protection-sport-genouillere-respirant-pansement-genouillere-basket-ball-tennis-cyclisme,Black,S,16512482-black-s,9.86,https://cdn.shopify.com/s/files/1/0252/8251/0902/products/product-image-1310476643.jpg?v=1584384484
aolikes-1-pieces-2019-genou-soutien-professionnel-de-protection-sport-genouillere-respirant-pansement-genouillere-basket-ball-tennis-cyclisme,Black,M,16512482-black-m,9.86,https://cdn.shopify.com/s/files/1/0252/8251/0902/products/product-image-1310476643.jpg?v=1584384484
aolikes-1-pieces-2019-genou-soutien-professionnel-de-protection-sport-genouillere-respirant-pansement-genouillere-basket-ball-tennis-cyclisme,Black,L,16512482-black-l,9.86,https://cdn.shopify.com/s/files/1/0252/8251/0902/products/product-image-1310476643.jpg?v=1584384484
aolikes-1-pieces-2019-genou-soutien-professionnel-de-protection-sport-genouillere-respirant-pansement-genouillere-basket-ball-tennis-cyclisme,Orange,S,16512482-orange-s,9.86,https://cdn.shopify.com/s/files/1/0252/8251/0902/products/product-image-1310476644.jpg?v=1584384482
aolikes-1-pieces-2019-genou-soutien-professionnel-de-protection-sport-genouillere-respirant-pansement-genouillere-basket-ball-tennis-cyclisme,Orange,M,16512482-orange-m,9.86,https://cdn.shopify.com/s/files/1/0252/8251/0902/products/product-image-1310476644.jpg?v=1584384482
aolikes-1-pieces-2019-genou-soutien-professionnel-de-protection-sport-genouillere-respirant-pansement-genouillere-basket-ball-tennis-cyclisme,Orange,L,16512482-orange-l,9.86,https://cdn.shopify.com/s/files/1/0252/8251/0902/products/product-image-1310476644.jpg?v=1584384482
aolikes-1-pieces-2019-genou-soutien-professionnel-de-protection-sport-genouillere-respirant-pansement-genouillere-basket-ball-tennis-cyclisme,Green,XL,16512482-green-xl,9.86,https://cdn.shopify.com/s/files/1/0252/8251/0902/products/product-image-1310476642.jpg?v=1584384489
aolikes-1-pieces-2019-genou-soutien-professionnel-de-protection-sport-genouillere-respirant-pansement-genouillere-basket-ball-tennis-cyclisme,Green,XXL,16512482-green-xxl,9.86,https://cdn.shopify.com/s/files/1/0252/8251/0902/products/product-image-1310476642.jpg?v=1584384489
aolikes-1-pieces-2019-genou-soutien-professionnel-de-protection-sport-genouillere-respirant-pansement-genouillere-basket-ball-tennis-cyclisme,Black,XL,16512482-black-xl,9.86,https://cdn.shopify.com/s/files/1/0252/8251/0902/products/product-image-1310476643.jpg?v=1584384484
aolikes-1-pieces-2019-genou-soutien-professionnel-de-protection-sport-genouillere-respirant-pansement-genouillere-basket-ball-tennis-cyclisme,Black,XXL,16512482-black-xxl,9.86,https://cdn.shopify.com/s/files/1/0252/8251/0902/products/product-image-1310476643.jpg?v=1584384484
aolikes-1-pieces-2019-genou-soutien-professionnel-de-protection-sport-genouillere-respirant-pansement-genouillere-basket-ball-tennis-cyclisme,Orange,XL,16512482-orange-xl,9.86,https://cdn.shopify.com/s/files/1/0252/8251/0902/products/product-image-1310476644.jpg?v=1584384482
aolikes-1-pieces-2019-genou-soutien-professionnel-de-protection-sport-genouillere-respirant-pansement-genouillere-basket-ball-tennis-cyclisme,Orange,XXL,16512482-orange-xxl,9.86,https://cdn.shopify.com/s/files/1/0252/8251/0902/products/product-image-1310476644.jpg?v=1584384482
aolikes-1-pieces-2019-genou-soutien-professionnel-de-protection-sport-genouillere-respirant-pansement-genouillere-basket-ball-tennis-cyclisme,Green,XXXL,16512482-green-xxxl,10.60,https://cdn.shopify.com/s/files/1/0252/8251/0902/products/product-image-1310476642.jpg?v=1584384489
aolikes-1-pieces-2019-genou-soutien-professionnel-de-protection-sport-genouillere-respirant-pansement-genouillere-basket-ball-tennis-cyclisme,Black,XXXL,16512482-black-xxxl,10.60,https://cdn.shopify.com/s/files/1/0252/8251/0902/products/product-image-1310476643.jpg?v=1584384484
aolikes-1-pieces-2019-genou-soutien-professionnel-de-protection-sport-genouillere-respirant-pansement-genouillere-basket-ball-tennis-cyclisme,Orange,XXXL,16512482-orange-xxxl,10.60,https://cdn.shopify.com/s/files/1/0252/8251/0902/products/product-image-1310476644.jpg?v=1584384482
aolikes-1-pieces-2019-genou-soutien-professionnel-de-protection-sport-genouillere-respirant-pansement-genouillere-basket-ball-tennis-cyclisme,Pink,S,16512482-pink-s,9.86,https://cdn.shopify.com/s/files/1/0252/8251/0902/products/product-image-1310476645.jpg?v=1584384483
aolikes-1-pieces-2019-genou-soutien-professionnel-de-protection-sport-genouillere-respirant-pansement-genouillere-basket-ball-tennis-cyclisme,Pink,M,16512482-pink-m,9.86,https://cdn.shopify.com/s/files/1/0252/8251/0902/products/product-image-1310476645.jpg?v=1584384483
aolikes-1-pieces-2019-genou-soutien-professionnel-de-protection-sport-genouillere-respirant-pansement-genouillere-basket-ball-tennis-cyclisme,Pink,L,16512482-pink-l,9.86,https://cdn.shopify.com/s/files/1/0252/8251/0902/products/product-image-1310476645.jpg?v=1584384483
aolikes-1-pieces-2019-genou-soutien-professionnel-de-protection-sport-genouillere-respirant-pansement-genouillere-basket-ball-tennis-cyclisme,Pink,XL,16512482-pink-xl,9.86,https://cdn.shopify.com/s/files/1/0252/8251/0902/products/product-image-1310476645.jpg?v=1584384483
aolikes-1-pieces-2019-genou-soutien-professionnel-de-protection-sport-genouillere-respirant-pansement-genouillere-basket-ball-tennis-cyclisme,Pink,XXL,16512482-pink-xxl,9.86,https://cdn.shopify.com/s/files/1/0252/8251/0902/products/product-image-1310476645.jpg?v=1584384483
aolikes-1-pieces-2019-genou-soutien-professionnel-de-protection-sport-genouillere-respirant-pansement-genouillere-basket-ball-tennis-cyclisme,Pink,XXXL,16512482-pink-xxxl,10.60,https://cdn.shopify.com/s/files/1/0252/8251/0902/products/product-image-1310476645.jpg?v=1584384483
aolikes-1-pieces-2019-genou-soutien-professionnel-de-protection-sport-genouillere-respirant-pansement-genouillere-basket-ball-tennis-cyclisme,Blue,S,16512482-blue-s,9.86,https://cdn.shopify.com/s/files/1/0252/8251/0902/products/product-image-1310476646.jpg?v=1584384488
aolikes-1-pieces-2019-genou-soutien-professionnel-de-protection-sport-genouillere-respirant-pansement-genouillere-basket-ball-tennis-cyclisme,Blue,M,16512482-blue-m,9.86,https://cdn.shopify.com/s/files/1/0252/8251/0902/products/product-image-1310476646.jpg?v=1584384488
aolikes-1-pieces-2019-genou-soutien-professionnel-de-protection-sport-genouillere-respirant-pansement-genouillere-basket-ball-tennis-cyclisme,Blue,L,16512482-blue-l,9.86,https://cdn.shopify.com/s/files/1/0252/8251/0902/products/product-image-1310476646.jpg?v=1584384488
aolikes-1-pieces-2019-genou-soutien-professionnel-de-protection-sport-genouillere-respirant-pansement-genouillere-basket-ball-tennis-cyclisme,Blue,XL,16512482-blue-xl,9.86,https://cdn.shopify.com/s/files/1/0252/8251/0902/products/product-image-1310476646.jpg?v=1584384488
aolikes-1-pieces-2019-genou-soutien-professionnel-de-protection-sport-genouillere-respirant-pansement-genouillere-basket-ball-tennis-cyclisme,Blue,XXL,16512482-blue-xxl,9.86,https://cdn.shopify.com/s/files/1/0252/8251/0902/products/product-image-1310476646.jpg?v=1584384488
aolikes-1-pieces-2019-genou-soutien-professionnel-de-protection-sport-genouillere-respirant-pansement-genouillere-basket-ball-tennis-cyclisme,Blue,XXXL,16512482-blue-xxxl,10.60,https://cdn.shopify.com/s/files/1/0252/8251/0902/products/product-image-1310476646.jpg?v=1584384488
aolikes-1-pieces-2019-genou-soutien-professionnel-de-protection-sport-genouillere-respirant-pansement-genouillere-basket-ball-tennis-cyclisme,Red,S,16512482-red-s,9.86,https://cdn.shopify.com/s/files/1/0252/8251/0902/products/product-image-1310476647.jpg?v=1584384485
aolikes-1-pieces-2019-genou-soutien-professionnel-de-protection-sport-genouillere-respirant-pansement-genouillere-basket-ball-tennis-cyclisme,Red,M,16512482-red-m,9.86,https://cdn.shopify.com/s/files/1/0252/8251/0902/products/product-image-1310476647.jpg?v=1584384485
aolikes-1-pieces-2019-genou-soutien-professionnel-de-protection-sport-genouillere-respirant-pansement-genouillere-basket-ball-tennis-cyclisme,Red,L,16512482-red-l,9.86,https://cdn.shopify.com/s/files/1/0252/8251/0902/products/product-image-1310476647.jpg?v=1584384485
aolikes-1-pieces-2019-genou-soutien-professionnel-de-protection-sport-genouillere-respirant-pansement-genouillere-basket-ball-tennis-cyclisme,Red,XL,16512482-red-xl,9.86,https://cdn.shopify.com/s/files/1/0252/8251/0902/products/product-image-1310476647.jpg?v=1584384485
aolikes-1-pieces-2019-genou-soutien-professionnel-de-protection-sport-genouillere-respirant-pansement-genouillere-basket-ball-tennis-cyclisme,Red,XXL,16512482-red-xxl,9.86,https://cdn.shopify.com/s/files/1/0252/8251/0902/products/product-image-1310476647.jpg?v=1584384485
aolikes-1-pieces-2019-genou-soutien-professionnel-de-protection-sport-genouillere-respirant-pansement-genouillere-basket-ball-tennis-cyclisme,Red,XXXL,16512482-red-xxxl,10.60,https://cdn.shopify.com/s/files/1/0252/8251/0902/products/product-image-1310476647.jpg?v=1584384485
aolikes-1-pieces-2019-genou-soutien-professionnel-de-protection-sport-genouillere-respirant-pansement-genouillere-basket-ball-tennis-cyclisme,Black with Grey,S,16512482-black-with-grey-s,9.86,https://cdn.shopify.com/s/files/1/0252/8251/0902/products/product-image-1310476648.jpg?v=1584384486
aolikes-1-pieces-2019-genou-soutien-professionnel-de-protection-sport-genouillere-respirant-pansement-genouillere-basket-ball-tennis-cyclisme,Black with Grey,M,16512482-black-with-grey-m,9.86,https://cdn.shopify.com/s/files/1/0252/8251/0902/products/product-image-1310476648.jpg?v=1584384486
aolikes-1-pieces-2019-genou-soutien-professionnel-de-protection-sport-genouillere-respirant-pansement-genouillere-basket-ball-tennis-cyclisme,Black with Grey,L,16512482-black-with-grey-l,9.86,https://cdn.shopify.com/s/files/1/0252/8251/0902/products/product-image-1310476648.jpg?v=1584384486
aolikes-1-pieces-2019-genou-soutien-professionnel-de-protection-sport-genouillere-respirant-pansement-genouillere-basket-ball-tennis-cyclisme,Black with Grey,XL,16512482-black-with-grey-xl,9.86,https://cdn.shopify.com/s/files/1/0252/8251/0902/products/product-image-1310476648.jpg?v=1584384486
aolikes-1-pieces-2019-genou-soutien-professionnel-de-protection-sport-genouillere-respirant-pansement-genouillere-basket-ball-tennis-cyclisme,Black with Grey,XXL,16512482-black-with-grey-xxl,9.86,https://cdn.shopify.com/s/files/1/0252/8251/0902/products/product-image-1310476648.jpg?v=1584384486
aolikes-1-pieces-2019-genou-soutien-professionnel-de-protection-sport-genouillere-respirant-pansement-genouillere-basket-ball-tennis-cyclisme,Black with Grey,XXXL,16512482-black-with-grey-xxxl,10.60,https://cdn.shopify.com/s/files/1/0252/8251/0902/products/product-image-1310476648.jpg?v=1584384486
trendyol-pattern-gauze-knitted-blouse-twoss20bz0448,Çok Renkli,L,34119654-cok-renkli-l,50.24,https://cdn.shopify.com/s/files/1/0252/8251/0902/products/product-image-1278761877.jpg?v=1584384476
trendyol-pattern-gauze-knitted-blouse-twoss20bz0448,Çok Renkli,S,34119654-cok-renkli-s,50.24,https://cdn.shopify.com/s/files/1/0252/8251/0902/products/product-image-1278761877.jpg?v=1584384476
trendyol-pattern-gauze-knitted-blouse-twoss20bz0448,Çok Renkli,XS,34119654-cok-renkli-xs,50.24,https://cdn.shopify.com/s/files/1/0252/8251/0902/products/product-image-1278761877.jpg?v=1584384476
trendyol-pattern-gauze-knitted-blouse-twoss20bz0448,Çok Renkli,M,34119654-cok-renkli-m,50.24,https://cdn.shopify.com/s/files/1/0252/8251/0902/products/product-image-1278761877.jpg?v=1584384476
deat-2020-new-spring-and-summer-fashion-women-clothes-cashmere-sqaure-collar-full-sleeves-elasitc-high-waist-sexy-pullover-wk080,S,as picture,32217284-s-as-picture,55.96,https://cdn.shopify.com/s/files/1/0252/8251/0902/products/product-image-1306529734.jpg?v=1584384476
deat-2020-new-spring-and-summer-fashion-women-clothes-cashmere-sqaure-collar-full-sleeves-elasitc-high-waist-sexy-pullover-wk080,M,black,32217284-m-black,55.96,https://cdn.shopify.com/s/files/1/0252/8251/0902/products/product-image-1306529739.jpg?v=1584384477
deat-2020-new-spring-and-summer-fashion-women-clothes-cashmere-sqaure-collar-full-sleeves-elasitc-high-waist-sexy-pullover-wk080,S,black,32217284-s-black,55.96,https://cdn.shopify.com/s/files/1/0252/8251/0902/products/product-image-1306529739.jpg?v=1584384477
deat-2020-new-spring-and-summer-fashion-women-clothes-cashmere-sqaure-collar-full-sleeves-elasitc-high-waist-sexy-pullover-wk080,L,as picture,32217284-l-as-picture,55.96,https://cdn.shopify.com/s/files/1/0252/8251/0902/products/product-image-1306529734.jpg?v=1584384476
deat-2020-new-spring-and-summer-fashion-women-clothes-cashmere-sqaure-collar-full-sleeves-elasitc-high-waist-sexy-pullover-wk080,M,as picture,32217284-m-as-picture,55.96,https://cdn.shopify.com/s/files/1/0252/8251/0902/products/product-image-1306529734.jpg?v=1584384476
deat-2020-new-spring-and-summer-fashion-women-clothes-cashmere-sqaure-collar-full-sleeves-elasitc-high-waist-sexy-pullover-wk080,L,black,32217284-l-black,55.96,https://cdn.shopify.com/s/files/1/0252/8251/0902/products/product-image-1306529739.jpg?v=1584384477
trendyol-ruffle-detail-shirt-twoss20go0275,Beyaz,36,34119983-beyaz-36,65.40,https://cdn.shopify.com/s/files/1/0252/8251/0902/products/product-image-1282179925.jpg?v=1584384476
trendyol-ruffle-detail-shirt-twoss20go0275,Beyaz,40,34119983-beyaz-40,65.40,https://cdn.shopify.com/s/files/1/0252/8251/0902/products/product-image-1282179925.jpg?v=1584384476
trendyol-ruffle-detail-shirt-twoss20go0275,Beyaz,38,34119983-beyaz-38,65.40,https://cdn.shopify.com/s/files/1/0252/8251/0902/products/product-image-1282179925.jpg?v=1584384476
trendyol-ruffle-detail-shirt-twoss20go0275,Beyaz,34,34119983-beyaz-34,65.40,https://cdn.shopify.com/s/files/1/0252/8251/0902/products/product-image-1282179925.jpg?v=1584384476
rechargeable-nails-dog-cat-care-grooming-usb-electric-pet-dog-nail-grinder-trimmer-clipper-pets-paws-nail-cutter,Grinder,M,16673503-grinder-m-china,22.10,https://cdn.shopify.com/s/files/1/0252/8251/0902/products/product-image-1301068423.jpg?v=1584384484
rechargeable-nails-dog-cat-care-grooming-usb-electric-pet-dog-nail-grinder-trimmer-clipper-pets-paws-nail-cutter,Grinder,M,16673503-grinder-m-united-states,22.28,https://cdn.shopify.com/s/files/1/0252/8251/0902/products/product-image-1301068423.jpg?v=1584384484
rechargeable-nails-dog-cat-care-grooming-usb-electric-pet-dog-nail-grinder-trimmer-clipper-pets-paws-nail-cutter,Grinder,M,16673503-grinder-m-france,22.28,https://cdn.shopify.com/s/files/1/0252/8251/0902/products/product-image-1301068423.jpg?v=1584384484
rechargeable-nails-dog-cat-care-grooming-usb-electric-pet-dog-nail-grinder-trimmer-clipper-pets-paws-nail-cutter,Grinder,M,16673503-grinder-m-spain,22.28,https://cdn.shopify.com/s/files/1/0252/8251/0902/products/product-image-1301068423.jpg?v=1584384484
rechargeable-nails-dog-cat-care-grooming-usb-electric-pet-dog-nail-grinder-trimmer-clipper-pets-paws-nail-cutter,1PC Head,M,16673503-1pc-head-m-china,6.38,https://cdn.shopify.com/s/files/1/0252/8251/0902/products/product-image-1301068424.jpg?v=1584384481
rechargeable-nails-dog-cat-care-grooming-usb-electric-pet-dog-nail-grinder-trimmer-clipper-pets-paws-nail-cutter,1PC Head,M,16673503-1pc-head-m-united-states,6.22,https://cdn.shopify.com/s/files/1/0252/8251/0902/products/product-image-1301068424.jpg?v=1584384481
rechargeable-nails-dog-cat-care-grooming-usb-electric-pet-dog-nail-grinder-trimmer-clipper-pets-paws-nail-cutter,1PC Head,M,16673503-1pc-head-m-spain,6.22,https://cdn.shopify.com/s/files/1/0252/8251/0902/products/product-image-1301068424.jpg?v=1584384481
rechargeable-nails-dog-cat-care-grooming-usb-electric-pet-dog-nail-grinder-trimmer-clipper-pets-paws-nail-cutter,1PC Head,M,16673503-1pc-head-m-france,6.22,https://cdn.shopify.com/s/files/1/0252/8251/0902/products/product-image-1301068424.jpg?v=1584384481
rechargeable-nails-dog-cat-care-grooming-usb-electric-pet-dog-nail-grinder-trimmer-clipper-pets-paws-nail-cutter,Grinder Head Set,M,16673503-grinder-head-set-m-china,27.50,https://cdn.shopify.com/s/files/1/0252/8251/0902/products/product-image-1301068425.jpg?v=1584384482
rechargeable-nails-dog-cat-care-grooming-usb-electric-pet-dog-nail-grinder-trimmer-clipper-pets-paws-nail-cutter,Grinder Head Set,M,16673503-grinder-head-set-m-united-states,26.24,https://cdn.shopify.com/s/files/1/0252/8251/0902/products/product-image-1301068425.jpg?v=1584384482
rechargeable-nails-dog-cat-care-grooming-usb-electric-pet-dog-nail-grinder-trimmer-clipper-pets-paws-nail-cutter,Grinder Head Set,M,16673503-grinder-head-set-m-spain,28.50,https://cdn.shopify.com/s/files/1/0252/8251/0902/products/product-image-1301068425.jpg?v=1584384482
rechargeable-nails-dog-cat-care-grooming-usb-electric-pet-dog-nail-grinder-trimmer-clipper-pets-paws-nail-cutter,Grinder Head Set,M,16673503-grinder-head-set-m-france,28.50,https://cdn.shopify.com/s/files/1/0252/8251/0902/products/product-image-1301068425.jpg?v=1584384482
rechargeable-nails-dog-cat-care-grooming-usb-electric-pet-dog-nail-grinder-trimmer-clipper-pets-paws-nail-cutter,1PC Head,M,16673503-1pc-head-m-australia,6.22,https://cdn.shopify.com/s/files/1/0252/8251/0902/products/product-image-1301068424.jpg?v=1584384481
rechargeable-nails-dog-cat-care-grooming-usb-electric-pet-dog-nail-grinder-trimmer-clipper-pets-paws-nail-cutter,1PC Head,M,16673503-1pc-head-m-italy,6.22,https://cdn.shopify.com/s/files/1/0252/8251/0902/products/product-image-1301068424.jpg?v=1584384481
rechargeable-nails-dog-cat-care-grooming-usb-electric-pet-dog-nail-grinder-trimmer-clipper-pets-paws-nail-cutter,1PC Head,M,16673503-1pc-head-m-belgium,6.22,https://cdn.shopify.com/s/files/1/0252/8251/0902/products/product-image-1301068424.jpg?v=1584384481
rechargeable-nails-dog-cat-care-grooming-usb-electric-pet-dog-nail-grinder-trimmer-clipper-pets-paws-nail-cutter,Grinder Head Set,M,16673503-grinder-head-set-m-australia,28.50,https://cdn.shopify.com/s/files/1/0252/8251/0902/products/product-image-1301068425.jpg?v=1584384482
rechargeable-nails-dog-cat-care-grooming-usb-electric-pet-dog-nail-grinder-trimmer-clipper-pets-paws-nail-cutter,Grinder,M,16673503-grinder-m-australia,22.62,https://cdn.shopify.com/s/files/1/0252/8251/0902/products/product-image-1301068423.jpg?v=1584384484
rechargeable-nails-dog-cat-care-grooming-usb-electric-pet-dog-nail-grinder-trimmer-clipper-pets-paws-nail-cutter,Grinder,M,16673503-grinder-m-italy,22.28,https://cdn.shopify.com/s/files/1/0252/8251/0902/products/product-image-1301068423.jpg?v=1584384484
rechargeable-nails-dog-cat-care-grooming-usb-electric-pet-dog-nail-grinder-trimmer-clipper-pets-paws-nail-cutter,Grinder,M,16673503-grinder-m-belgium,22.28,https://cdn.shopify.com/s/files/1/0252/8251/0902/products/product-image-1301068423.jpg?v=1584384484
rechargeable-nails-dog-cat-care-grooming-usb-electric-pet-dog-nail-grinder-trimmer-clipper-pets-paws-nail-cutter,Grinder Head Set,M,16673503-grinder-head-set-m-italy,28.50,https://cdn.shopify.com/s/files/1/0252/8251/0902/products/product-image-1301068425.jpg?v=1584384482
rechargeable-nails-dog-cat-care-grooming-usb-electric-pet-dog-nail-grinder-trimmer-clipper-pets-paws-nail-cutter,Grinder Head Set,M,16673503-grinder-head-set-m-belgium,28.50,https://cdn.shopify.com/s/files/1/0252/8251/0902/products/product-image-1301068425.jpg?v=1584384482
rechargeable-nails-dog-cat-care-grooming-usb-electric-pet-dog-nail-grinder-trimmer-clipper-pets-paws-nail-cutter,Grinder Head Set,M,16673503-grinder-head-set-m-czech-republic,28.50,https://cdn.shopify.com/s/files/1/0252/8251/0902/products/product-image-1301068425.jpg?v=1584384482
rechargeable-nails-dog-cat-care-grooming-usb-electric-pet-dog-nail-grinder-trimmer-clipper-pets-paws-nail-cutter,1PC Head,M,16673503-1pc-head-m-czech-republic,6.22,https://cdn.shopify.com/s/files/1/0252/8251/0902/products/product-image-1301068424.jpg?v=1584384481
rechargeable-nails-dog-cat-care-grooming-usb-electric-pet-dog-nail-grinder-trimmer-clipper-pets-paws-nail-cutter,Grinder,M,16673503-grinder-m-czech-republic,22.28,https://cdn.shopify.com/s/files/1/0252/8251/0902/products/product-image-1301068423.jpg?v=1584384484
rechargeable-nails-dog-cat-care-grooming-usb-electric-pet-dog-nail-grinder-trimmer-clipper-pets-paws-nail-cutter,Grinder,M,16673503-grinder-m-poland,22.28,https://cdn.shopify.com/s/files/1/0252/8251/0902/products/product-image-1301068423.jpg?v=1584384484
rechargeable-nails-dog-cat-care-grooming-usb-electric-pet-dog-nail-grinder-trimmer-clipper-pets-paws-nail-cutter,1PC Head,M,16673503-1pc-head-m-poland,6.22,https://cdn.shopify.com/s/files/1/0252/8251/0902/products/product-image-1301068424.jpg?v=1584384481
rechargeable-nails-dog-cat-care-grooming-usb-electric-pet-dog-nail-grinder-trimmer-clipper-pets-paws-nail-cutter,Grinder Head Set,M,16673503-grinder-head-set-m-poland,28.50,https://cdn.shopify.com/s/files/1/0252/8251/0902/products/product-image-1301068425.jpg?v=1584384482
joint-support-knee-pads-breathable-non-slip-lift-knee-pads-powerful-rebound-spring-force-knee-booster,China,1 PC,26635014-china-1-pc,21.22,https://cdn.shopify.com/s/files/1/0252/8251/0902/products/product-image-1306724601.jpg?v=1584384476
joint-support-knee-pads-breathable-non-slip-lift-knee-pads-powerful-rebound-spring-force-knee-booster,United States,1 PC,26635014-united-states-1-pc,21.22,https://cdn.shopify.com/s/files/1/0252/8251/0902/products/product-image-1306724601.jpg?v=1584384476
joint-support-knee-pads-breathable-non-slip-lift-knee-pads-powerful-rebound-spring-force-knee-booster,United States,1 Pair,26635014-united-states-1-pair,36.92,https://cdn.shopify.com/s/files/1/0252/8251/0902/products/product-image-1306724600.jpg?v=1584384476
joint-support-knee-pads-breathable-non-slip-lift-knee-pads-powerful-rebound-spring-force-knee-booster,China,1 Pair,26635014-china-1-pair,36.92,https://cdn.shopify.com/s/files/1/0252/8251/0902/products/product-image-1306724600.jpg?v=1584384476
nylon-heavy-duty-dog-pet-harness-collar-adjustable-padded-extra-big-large-medium-small-dog-harnesses-vest-husky-dogs-supplies,black,L,353195-black-l,12.54,https://cdn.shopify.com/s/files/1/0252/8251/0902/products/product-image-1309107669.jpg?v=1584384478
nylon-heavy-duty-dog-pet-harness-collar-adjustable-padded-extra-big-large-medium-small-dog-harnesses-vest-husky-dogs-supplies,black,M,353195-black-m,11.36,https://cdn.shopify.com/s/files/1/0252/8251/0902/products/product-image-1309107669.jpg?v=1584384478
nylon-heavy-duty-dog-pet-harness-collar-adjustable-padded-extra-big-large-medium-small-dog-harnesses-vest-husky-dogs-supplies,black,S,353195-black-s,10.76,https://cdn.shopify.com/s/files/1/0252/8251/0902/products/product-image-1309107669.jpg?v=1584384478
nylon-heavy-duty-dog-pet-harness-collar-adjustable-padded-extra-big-large-medium-small-dog-harnesses-vest-husky-dogs-supplies,black,XL,353195-black-xl,14.36,https://cdn.shopify.com/s/files/1/0252/8251/0902/products/product-image-1309107669.jpg?v=1584384478
nylon-heavy-duty-dog-pet-harness-collar-adjustable-padded-extra-big-large-medium-small-dog-harnesses-vest-husky-dogs-supplies,camouflage,XL,353195-camouflage-xl,14.36,https://cdn.shopify.com/s/files/1/0252/8251/0902/products/product-image-1309107670.jpg?v=1584384480
nylon-heavy-duty-dog-pet-harness-collar-adjustable-padded-extra-big-large-medium-small-dog-harnesses-vest-husky-dogs-supplies,camouflage,L,353195-camouflage-l,12.54,https://cdn.shopify.com/s/files/1/0252/8251/0902/products/product-image-1309107670.jpg?v=1584384480
nylon-heavy-duty-dog-pet-harness-collar-adjustable-padded-extra-big-large-medium-small-dog-harnesses-vest-husky-dogs-supplies,camouflage,M,353195-camouflage-m,11.36,https://cdn.shopify.com/s/files/1/0252/8251/0902/products/product-image-1309107670.jpg?v=1584384480
nylon-heavy-duty-dog-pet-harness-collar-adjustable-padded-extra-big-large-medium-small-dog-harnesses-vest-husky-dogs-supplies,camouflage,S,353195-camouflage-s,10.76,https://cdn.shopify.com/s/files/1/0252/8251/0902/products/product-image-1309107670.jpg?v=1584384480
nylon-heavy-duty-dog-pet-harness-collar-adjustable-padded-extra-big-large-medium-small-dog-harnesses-vest-husky-dogs-supplies,leopard,L,353195-leopard-l,12.54,https://cdn.shopify.com/s/files/1/0252/8251/0902/products/product-image-1309107672.jpg?v=1584384480
nylon-heavy-duty-dog-pet-harness-collar-adjustable-padded-extra-big-large-medium-small-dog-harnesses-vest-husky-dogs-supplies,leopard,M,353195-leopard-m,11.36,https://cdn.shopify.com/s/files/1/0252/8251/0902/products/product-image-1309107672.jpg?v=1584384480
nylon-heavy-duty-dog-pet-harness-collar-adjustable-padded-extra-big-large-medium-small-dog-harnesses-vest-husky-dogs-supplies,leopard,S,353195-leopard-s,10.76,https://cdn.shopify.com/s/files/1/0252/8251/0902/products/product-image-1309107672.jpg?v=1584384480
nylon-heavy-duty-dog-pet-harness-collar-adjustable-padded-extra-big-large-medium-small-dog-harnesses-vest-husky-dogs-supplies,leopard,XL,353195-leopard-xl,14.36,https://cdn.shopify.com/s/files/1/0252/8251/0902/products/product-image-1309107672.jpg?v=1584384480
nylon-heavy-duty-dog-pet-harness-collar-adjustable-padded-extra-big-large-medium-small-dog-harnesses-vest-husky-dogs-supplies,red,L,353195-red-l,12.54,https://cdn.shopify.com/s/files/1/0252/8251/0902/products/product-image-1309107671.jpg?v=1584384481
nylon-heavy-duty-dog-pet-harness-collar-adjustable-padded-extra-big-large-medium-small-dog-harnesses-vest-husky-dogs-supplies,red,M,353195-red-m,11.36,https://cdn.shopify.com/s/files/1/0252/8251/0902/products/product-image-1309107671.jpg?v=1584384481
nylon-heavy-duty-dog-pet-harness-collar-adjustable-padded-extra-big-large-medium-small-dog-harnesses-vest-husky-dogs-supplies,red,S,353195-red-s,10.76,https://cdn.shopify.com/s/files/1/0252/8251/0902/products/product-image-1309107671.jpg?v=1584384481
nylon-heavy-duty-dog-pet-harness-collar-adjustable-padded-extra-big-large-medium-small-dog-harnesses-vest-husky-dogs-supplies,red,XL,353195-red-xl,14.36,https://cdn.shopify.com/s/files/1/0252/8251/0902/products/product-image-1309107671.jpg?v=1584384481
pet-trager-oxford-stoff-auto-haustier-sitz-abdeckung-hund-auto-rucksitz-trager-wasserdicht-pet-hangematte-kissen-protector-dropshipping,148x130x38cm,L,14169094-148x130x38cm-l,39.48,https://cdn.shopify.com/s/files/1/0252/8251/0902/products/product-image-1307890576.jpg?v=1584384477
pet-trager-oxford-stoff-auto-haustier-sitz-abdeckung-hund-auto-rucksitz-trager-wasserdicht-pet-hangematte-kissen-protector-dropshipping,130x130x35cm 3,L,14169094-130x130x35cm-3-l,43.66,https://cdn.shopify.com/s/files/1/0252/8251/0902/products/product-image-1307890577.jpg?v=1584384477
pet-trager-oxford-stoff-auto-haustier-sitz-abdeckung-hund-auto-rucksitz-trager-wasserdicht-pet-hangematte-kissen-protector-dropshipping,130x130x35cm,L,14169094-130x130x35cm-l,43.66,https://cdn.shopify.com/s/files/1/0252/8251/0902/products/product-image-1307890580.jpg?v=1584384476
pet-trager-oxford-stoff-auto-haustier-sitz-abdeckung-hund-auto-rucksitz-trager-wasserdicht-pet-hangematte-kissen-protector-dropshipping,130x130x35cm 2,L,14169094-130x130x35cm-2-l,43.66,https://cdn.shopify.com/s/files/1/0252/8251/0902/products/product-image-1307890579.jpg?v=1584384477
pet-trager-oxford-stoff-auto-haustier-sitz-abdeckung-hund-auto-rucksitz-trager-wasserdicht-pet-hangematte-kissen-protector-dropshipping,130x130x35cm 1,L,14169094-130x130x35cm-1-l,43.66,https://cdn.shopify.com/s/files/1/0252/8251/0902/products/product-image-1307890578.jpg?v=1584384476
butterfly-shaped-bedding-pillows-memory-foam-pillow-cervical-orthopedic-neck-pillow-health-care-slow-rebound-sleeping-pillows,A,,21156704-a,27.70,https://cdn.shopify.com/s/files/1/0252/8251/0902/products/product-image-1278679619.jpg?v=1584384477
butterfly-shaped-bedding-pillows-memory-foam-pillow-cervical-orthopedic-neck-pillow-health-care-slow-rebound-sleeping-pillows,B,,21156704-b,27.70,https://cdn.shopify.com/s/files/1/0252/8251/0902/products/product-image-1278679621.jpg?v=1584384477
butterfly-shaped-bedding-pillows-memory-foam-pillow-cervical-orthopedic-neck-pillow-health-care-slow-rebound-sleeping-pillows,C,,21156704-c,27.08,https://cdn.shopify.com/s/files/1/0252/8251/0902/products/product-image-1278679622.jpg?v=1584384477
butterfly-shaped-bedding-pillows-memory-foam-pillow-cervical-orthopedic-neck-pillow-health-care-slow-rebound-sleeping-pillows,D,,21156704-d,27.08,https://cdn.shopify.com/s/files/1/0252/8251/0902/products/product-image-1278679620.jpg?v=1584384477
dog-car-seat-cover-view-mesh-waterproof-pet-carrier-car-rear-back-seat-mat-hammock-cushion-protector-with-zipper-and-pockets,Grey,152x143cm,22594140-grey-152x143cm-china,56.30,https://cdn.shopify.com/s/files/1/0252/8251/0902/products/product-image-1308674289.jpg?v=1584384477
dog-car-seat-cover-view-mesh-waterproof-pet-carrier-car-rear-back-seat-mat-hammock-cushion-protector-with-zipper-and-pockets,Grey,152x143cm,22594140-grey-152x143cm-united-states,56.30,https://cdn.shopify.com/s/files/1/0252/8251/0902/products/product-image-1308674289.jpg?v=1584384477
dog-car-seat-cover-view-mesh-waterproof-pet-carrier-car-rear-back-seat-mat-hammock-cushion-protector-with-zipper-and-pockets,Black,152x143cm,22594140-black-152x143cm-china,56.30,https://cdn.shopify.com/s/files/1/0252/8251/0902/products/product-image-1308674288.jpg?v=1584384477
dog-car-seat-cover-view-mesh-waterproof-pet-carrier-car-rear-back-seat-mat-hammock-cushion-protector-with-zipper-and-pockets,Black,152x143cm,22594140-black-152x143cm-united-states,56.30,https://cdn.shopify.com/s/files/1/0252/8251/0902/products/product-image-1308674288.jpg?v=1584384477
dog-car-seat-cover-view-mesh-waterproof-pet-carrier-car-rear-back-seat-mat-hammock-cushion-protector-with-zipper-and-pockets,Black,152x143cm,22594140-black-152x143cm-russian-federation,56.30,https://cdn.shopify.com/s/files/1/0252/8251/0902/products/product-image-1308674288.jpg?v=1584384477
dog-car-seat-cover-view-mesh-waterproof-pet-carrier-car-rear-back-seat-mat-hammock-cushion-protector-with-zipper-and-pockets,Grey,152x143cm,22594140-grey-152x143cm-russian-federation,56.30,https://cdn.shopify.com/s/files/1/0252/8251/0902/products/product-image-1308674289.jpg?v=1584384477
dog-car-seat-cover-view-mesh-waterproof-pet-carrier-car-rear-back-seat-mat-hammock-cushion-protector-with-zipper-and-pockets,Black,152x143cm,22594140-black-152x143cm-france,56.30,https://cdn.shopify.com/s/files/1/0252/8251/0902/products/product-image-1308674288.jpg?v=1584384477
dog-car-seat-cover-view-mesh-waterproof-pet-carrier-car-rear-back-seat-mat-hammock-cushion-protector-with-zipper-and-pockets,Black,152x143cm,22594140-black-152x143cm-spain,56.30,https://cdn.shopify.com/s/files/1/0252/8251/0902/products/product-image-1308674288.jpg?v=1584384477
dog-car-seat-cover-view-mesh-waterproof-pet-carrier-car-rear-back-seat-mat-hammock-cushion-protector-with-zipper-and-pockets,Grey,152x143cm,22594140-grey-152x143cm-france,56.30,https://cdn.shopify.com/s/files/1/0252/8251/0902/products/product-image-1308674289.jpg?v=1584384477
dog-car-seat-cover-view-mesh-waterproof-pet-carrier-car-rear-back-seat-mat-hammock-cushion-protector-with-zipper-and-pockets,Grey,152x143cm,22594140-grey-152x143cm-spain,56.30,https://cdn.shopify.com/s/files/1/0252/8251/0902/products/product-image-1308674289.jpg?v=1584384477
clothes-hanger-closet-organizer-space-saving-hanger-multi-port-clothing-rack-plastic-scarf-cabide-hangers-for-clothes-txtb1,light green,China,28534903-light-green-china,3.92,https://cdn.shopify.com/s/files/1/0252/8251/0902/products/product-image-1308261516.jpg?v=1584384478
clothes-hanger-closet-organizer-space-saving-hanger-multi-port-clothing-rack-plastic-scarf-cabide-hangers-for-clothes-txtb1,light green,Russian Federation,28534903-light-green-russian-federation,1.16,https://cdn.shopify.com/s/files/1/0252/8251/0902/products/product-image-1308261516.jpg?v=1584384478
clothes-hanger-closet-organizer-space-saving-hanger-multi-port-clothing-rack-plastic-scarf-cabide-hangers-for-clothes-txtb1,light pink,United States,28534903-light-pink-united-states,3.44,https://cdn.shopify.com/s/files/1/0252/8251/0902/products/product-image-1308261519.jpg?v=1584384482
clothes-hanger-closet-organizer-space-saving-hanger-multi-port-clothing-rack-plastic-scarf-cabide-hangers-for-clothes-txtb1,light pink,France,28534903-light-pink-france,3.78,https://cdn.shopify.com/s/files/1/0252/8251/0902/products/product-image-1308261519.jpg?v=1584384482
clothes-hanger-closet-organizer-space-saving-hanger-multi-port-clothing-rack-plastic-scarf-cabide-hangers-for-clothes-txtb1,light pink,Russian Federation,28534903-light-pink-russian-federation,2.16,https://cdn.shopify.com/s/files/1/0252/8251/0902/products/product-image-1308261519.jpg?v=1584384482
clothes-hanger-closet-organizer-space-saving-hanger-multi-port-clothing-rack-plastic-scarf-cabide-hangers-for-clothes-txtb1,light pink,Spain,28534903-light-pink-spain,3.78,https://cdn.shopify.com/s/files/1/0252/8251/0902/products/product-image-1308261519.jpg?v=1584384482
clothes-hanger-closet-organizer-space-saving-hanger-multi-port-clothing-rack-plastic-scarf-cabide-hangers-for-clothes-txtb1,gray,France,28534903-gray-france,3.74,https://cdn.shopify.com/s/files/1/0252/8251/0902/products/product-image-1308261518.jpg?v=1584384480
clothes-hanger-closet-organizer-space-saving-hanger-multi-port-clothing-rack-plastic-scarf-cabide-hangers-for-clothes-txtb1,light pink,China,28534903-light-pink-china,3.92,https://cdn.shopify.com/s/files/1/0252/8251/0902/products/product-image-1308261519.jpg?v=1584384482
clothes-hanger-closet-organizer-space-saving-hanger-multi-port-clothing-rack-plastic-scarf-cabide-hangers-for-clothes-txtb1,gray,Spain,28534903-gray-spain,3.74,https://cdn.shopify.com/s/files/1/0252/8251/0902/products/product-image-1308261518.jpg?v=1584384480
clothes-hanger-closet-organizer-space-saving-hanger-multi-port-clothing-rack-plastic-scarf-cabide-hangers-for-clothes-txtb1,gray,United States,28534903-gray-united-states,3.44,https://cdn.shopify.com/s/files/1/0252/8251/0902/products/product-image-1308261518.jpg?v=1584384480
clothes-hanger-closet-organizer-space-saving-hanger-multi-port-clothing-rack-plastic-scarf-cabide-hangers-for-clothes-txtb1,gray,China,28534903-gray-china,3.92,https://cdn.shopify.com/s/files/1/0252/8251/0902/products/product-image-1308261518.jpg?v=1584384480
clothes-hanger-closet-organizer-space-saving-hanger-multi-port-clothing-rack-plastic-scarf-cabide-hangers-for-clothes-txtb1,gray,Russian Federation,28534903-gray-russian-federation,02.04,https://cdn.shopify.com/s/files/1/0252/8251/0902/products/product-image-1308261518.jpg?v=1584384480
clothes-hanger-closet-organizer-space-saving-hanger-multi-port-clothing-rack-plastic-scarf-cabide-hangers-for-clothes-txtb1,Beige white,United States,28534903-beige-white-united-states,3.40,https://cdn.shopify.com/s/files/1/0252/8251/0902/products/product-image-1308261517.jpg?v=1584384481
clothes-hanger-closet-organizer-space-saving-hanger-multi-port-clothing-rack-plastic-scarf-cabide-hangers-for-clothes-txtb1,Beige white,France,28534903-beige-white-france,3.78,https://cdn.shopify.com/s/files/1/0252/8251/0902/products/product-image-1308261517.jpg?v=1584384481
clothes-hanger-closet-organizer-space-saving-hanger-multi-port-clothing-rack-plastic-scarf-cabide-hangers-for-clothes-txtb1,Beige white,Russian Federation,28534903-beige-white-russian-federation,02.04,https://cdn.shopify.com/s/files/1/0252/8251/0902/products/product-image-1308261517.jpg?v=1584384481
clothes-hanger-closet-organizer-space-saving-hanger-multi-port-clothing-rack-plastic-scarf-cabide-hangers-for-clothes-txtb1,Beige white,Spain,28534903-beige-white-spain,3.78,https://cdn.shopify.com/s/files/1/0252/8251/0902/products/product-image-1308261517.jpg?v=1584384481
clothes-hanger-closet-organizer-space-saving-hanger-multi-port-clothing-rack-plastic-scarf-cabide-hangers-for-clothes-txtb1,light green,France,28534903-light-green-france,3.78,https://cdn.shopify.com/s/files/1/0252/8251/0902/products/product-image-1308261516.jpg?v=1584384478
clothes-hanger-closet-organizer-space-saving-hanger-multi-port-clothing-rack-plastic-scarf-cabide-hangers-for-clothes-txtb1,Beige white,China,28534903-beige-white-china,3.78,https://cdn.shopify.com/s/files/1/0252/8251/0902/products/product-image-1308261517.jpg?v=1584384481
clothes-hanger-closet-organizer-space-saving-hanger-multi-port-clothing-rack-plastic-scarf-cabide-hangers-for-clothes-txtb1,light green,Spain,28534903-light-green-spain,3.78,https://cdn.shopify.com/s/files/1/0252/8251/0902/products/product-image-1308261516.jpg?v=1584384478
clothes-hanger-closet-organizer-space-saving-hanger-multi-port-clothing-rack-plastic-scarf-cabide-hangers-for-clothes-txtb1,light green,United States,28534903-light-green-united-states,3.44,https://cdn.shopify.com/s/files/1/0252/8251/0902/products/product-image-1308261516.jpg?v=1584384478
new-design-mixed-color-bamboo-toothbrush-eco-friendly-wooden-tooth-brush-soft-bristle-tip-charcoal-adults-oral-care-toothbrush,10 Piece Color Mix,,26294497-10-piece-color-mix,15.96,https://cdn.shopify.com/s/files/1/0252/8251/0902/products/product-image-1307377523.jpg?v=1584384479
new-design-mixed-color-bamboo-toothbrush-eco-friendly-wooden-tooth-brush-soft-bristle-tip-charcoal-adults-oral-care-toothbrush,10 Piece  White,,26294497-10-piece-white,15.96,https://cdn.shopify.com/s/files/1/0252/8251/0902/products/product-image-1307377526.jpg?v=1584384481
new-design-mixed-color-bamboo-toothbrush-eco-friendly-wooden-tooth-brush-soft-bristle-tip-charcoal-adults-oral-care-toothbrush,10 Piece  Blue,,26294497-10-piece-blue,15.96,https://cdn.shopify.com/s/files/1/0252/8251/0902/products/product-image-1307377527.jpg?v=1584384480
new-design-mixed-color-bamboo-toothbrush-eco-friendly-wooden-tooth-brush-soft-bristle-tip-charcoal-adults-oral-care-toothbrush,10 Piece  Black,,26294497-10-piece-black,15.96,https://cdn.shopify.com/s/files/1/0252/8251/0902/products/product-image-1307377528.jpg?v=1584384479
new-design-mixed-color-bamboo-toothbrush-eco-friendly-wooden-tooth-brush-soft-bristle-tip-charcoal-adults-oral-care-toothbrush,10 Piece  Beige,,26294497-10-piece-beige,15.96,https://cdn.shopify.com/s/files/1/0252/8251/0902/products/product-image-1307377529.jpg?v=1584384482
new-design-mixed-color-bamboo-toothbrush-eco-friendly-wooden-tooth-brush-soft-bristle-tip-charcoal-adults-oral-care-toothbrush,10 Piece  Purple,,26294497-10-piece-purple,15.96,https://cdn.shopify.com/s/files/1/0252/8251/0902/products/product-image-1307377535.jpg?v=1584384478
new-design-mixed-color-bamboo-toothbrush-eco-friendly-wooden-tooth-brush-soft-bristle-tip-charcoal-adults-oral-care-toothbrush,10 Piece  Brown,,26294497-10-piece-brown,15.96,https://cdn.shopify.com/s/files/1/0252/8251/0902/products/product-image-1307377550.jpg?v=1584384481
new-design-mixed-color-bamboo-toothbrush-eco-friendly-wooden-tooth-brush-soft-bristle-tip-charcoal-adults-oral-care-toothbrush,10 Piece  Mint green,,26294497-10-piece-mint-green,15.96,https://cdn.shopify.com/s/files/1/0252/8251/0902/products/product-image-1307377549.jpg?v=1584384482
new-design-mixed-color-bamboo-toothbrush-eco-friendly-wooden-tooth-brush-soft-bristle-tip-charcoal-adults-oral-care-toothbrush,10PC Bamboo charcoal,,26294497-10pc-bamboo-charcoal,15.96,https://cdn.shopify.com/s/files/1/0252/8251/0902/products/product-image-1307377524.jpg?v=1584384478
new-design-mixed-color-bamboo-toothbrush-eco-friendly-wooden-tooth-brush-soft-bristle-tip-charcoal-adults-oral-care-toothbrush,10 Piece  yellow,,26294497-10-piece-yellow,15.96,https://cdn.shopify.com/s/files/1/0252/8251/0902/products/product-image-1307377525.jpg?v=1584384479
magic-silicone-dishwashing-scrubber-dish-washing-sponge-rubber-scrub-gloves-kitchen-cleaning-1-pair,Deep Blue,,26728792-deep-blue,9.94,https://cdn.shopify.com/s/files/1/0252/8251/0902/products/product-image-1308477235.jpg?v=1584384479
magic-silicone-dishwashing-scrubber-dish-washing-sponge-rubber-scrub-gloves-kitchen-cleaning-1-pair,Blue,,26728792-blue,9.94,https://cdn.shopify.com/s/files/1/0252/8251/0902/products/product-image-1308477233.jpg?v=1584384481
magic-silicone-dishwashing-scrubber-dish-washing-sponge-rubber-scrub-gloves-kitchen-cleaning-1-pair,Gray,,26728792-gray,9.94,https://cdn.shopify.com/s/files/1/0252/8251/0902/products/product-image-1308477237.jpg?v=1584384480
magic-silicone-dishwashing-scrubber-dish-washing-sponge-rubber-scrub-gloves-kitchen-cleaning-1-pair,Greent,,26728792-greent,9.94,https://cdn.shopify.com/s/files/1/0252/8251/0902/products/product-image-1308477240.jpg?v=1584384480
magic-silicone-dishwashing-scrubber-dish-washing-sponge-rubber-scrub-gloves-kitchen-cleaning-1-pair,Pink,,26728792-pink,9.94,https://cdn.shopify.com/s/files/1/0252/8251/0902/products/product-image-1308477236.jpg?v=1584384479
magic-silicone-dishwashing-scrubber-dish-washing-sponge-rubber-scrub-gloves-kitchen-cleaning-1-pair,Red,,26728792-red,9.94,https://cdn.shopify.com/s/files/1/0252/8251/0902/products/product-image-1308477234.jpg?v=1584384479
magic-silicone-dishwashing-scrubber-dish-washing-sponge-rubber-scrub-gloves-kitchen-cleaning-1-pair,SkyBlue,,26728792-skyblue,9.94,https://cdn.shopify.com/s/files/1/0252/8251/0902/products/product-image-1308477241.jpg?v=1584384481
magic-silicone-dishwashing-scrubber-dish-washing-sponge-rubber-scrub-gloves-kitchen-cleaning-1-pair,Yellow,,26728792-yellow,9.94,https://cdn.shopify.com/s/files/1/0252/8251/0902/products/product-image-1308477232.jpg?v=1584384478
magic-silicone-dishwashing-scrubber-dish-washing-sponge-rubber-scrub-gloves-kitchen-cleaning-1-pair,Light Purple,,26728792-light-purple,9.94,https://cdn.shopify.com/s/files/1/0252/8251/0902/products/product-image-1308477239.jpg?v=1584384479
magic-silicone-dishwashing-scrubber-dish-washing-sponge-rubber-scrub-gloves-kitchen-cleaning-1-pair,Purple,,26728792-purple,9.94,https://cdn.shopify.com/s/files/1/0252/8251/0902/products/product-image-1308477238.jpg?v=1584384482
pancake-maker-egg-ring-maker-nonstick-easy-fantastic-egg-omelette-mold-kitchen-gadgets-cooking-tools-silicone,7 Holds,,22752863-7-holds,7.82,https://cdn.shopify.com/s/files/1/0252/8251/0902/products/product-image-1308687389.jpg?v=1584384477
pancake-maker-egg-ring-maker-nonstick-easy-fantastic-egg-omelette-mold-kitchen-gadgets-cooking-tools-silicone,Circular,,22752863-circular,6.22,https://cdn.shopify.com/s/files/1/0252/8251/0902/products/product-image-1308687387.jpg?v=1584384476
pancake-maker-egg-ring-maker-nonstick-easy-fantastic-egg-omelette-mold-kitchen-gadgets-cooking-tools-silicone,Flower,,22752863-flower,6.22,https://cdn.shopify.com/s/files/1/0252/8251/0902/products/product-image-1308687386.jpg?v=1584384476
pancake-maker-egg-ring-maker-nonstick-easy-fantastic-egg-omelette-mold-kitchen-gadgets-cooking-tools-silicone,Heart,,22752863-heart,6.22,https://cdn.shopify.com/s/files/1/0252/8251/0902/products/product-image-1308687385.jpg?v=1584384476
pancake-maker-egg-ring-maker-nonstick-easy-fantastic-egg-omelette-mold-kitchen-gadgets-cooking-tools-silicone,Square,,22752863-square,6.22,https://cdn.shopify.com/s/files/1/0252/8251/0902/products/product-image-1308687388.jpg?v=1584384477
cotton-laundry-basket-with-cover-bathroom-laundry-basket-large-kitchen-storage-basket-home-collapsible-waterproof-laundry-hamp,Gray S,,30023790-gray-s,36.00,https://cdn.shopify.com/s/files/1/0252/8251/0902/products/product-image-1311021196.jpg?v=1584384451
cotton-laundry-basket-with-cover-bathroom-laundry-basket-large-kitchen-storage-basket-home-collapsible-waterproof-laundry-hamp,coffee S,,30023790-coffee-s,36.94,https://cdn.shopify.com/s/files/1/0252/8251/0902/products/product-image-1311021202.jpg?v=1584384452
cotton-laundry-basket-with-cover-bathroom-laundry-basket-large-kitchen-storage-basket-home-collapsible-waterproof-laundry-hamp,Green S,,30023790-green-s,36.54,https://cdn.shopify.com/s/files/1/0252/8251/0902/products/product-image-1311021205.jpg?v=1584384452
cotton-laundry-basket-with-cover-bathroom-laundry-basket-large-kitchen-storage-basket-home-collapsible-waterproof-laundry-hamp,Green L,,30023790-green-l,44.76,https://cdn.shopify.com/s/files/1/0252/8251/0902/products/product-image-1311021205.jpg?v=1584384452
cotton-laundry-basket-with-cover-bathroom-laundry-basket-large-kitchen-storage-basket-home-collapsible-waterproof-laundry-hamp,Gray L,,30023790-gray-l,43.68,https://cdn.shopify.com/s/files/1/0252/8251/0902/products/product-image-1311021196.jpg?v=1584384451
cotton-laundry-basket-with-cover-bathroom-laundry-basket-large-kitchen-storage-basket-home-collapsible-waterproof-laundry-hamp,Beige L,,30023790-beige-l,43.16,https://cdn.shopify.com/s/files/1/0252/8251/0902/products/product-image-1311021204.jpg?v=1584384452
cotton-laundry-basket-with-cover-bathroom-laundry-basket-large-kitchen-storage-basket-home-collapsible-waterproof-laundry-hamp,Beige S,,30023790-beige-s,35.92,https://cdn.shopify.com/s/files/1/0252/8251/0902/products/product-image-1311021204.jpg?v=1584384452
cotton-laundry-basket-with-cover-bathroom-laundry-basket-large-kitchen-storage-basket-home-collapsible-waterproof-laundry-hamp,coffee L,,30023790-coffee-l,43.60,https://cdn.shopify.com/s/files/1/0252/8251/0902/products/product-image-1311021203.jpg?v=1584384451
1pc-8cm-white-wooden-letters-english-alphabet-diy-personalised-name-design-art-craft-wedding-home-decor-letters-room-decoration,ZM-G,8cm,29103397-zm-g-8cm,1.74,https://cdn.shopify.com/s/files/1/0252/8251/0902/products/product-image-1281285204.jpg?v=1584384463
1pc-8cm-white-wooden-letters-english-alphabet-diy-personalised-name-design-art-craft-wedding-home-decor-letters-room-decoration,ZM-O,8cm,29103397-zm-o-8cm,1.74,https://cdn.shopify.com/s/files/1/0252/8251/0902/products/product-image-1281285212.jpg?v=1584384461
1pc-8cm-white-wooden-letters-english-alphabet-diy-personalised-name-design-art-craft-wedding-home-decor-letters-room-decoration,ZM-E,8cm,29103397-zm-e-8cm,1.74,https://cdn.shopify.com/s/files/1/0252/8251/0902/products/product-image-1281285202.jpg?v=1584384461
1pc-8cm-white-wooden-letters-english-alphabet-diy-personalised-name-design-art-craft-wedding-home-decor-letters-room-decoration,ZM-F,8cm,29103397-zm-f-8cm,1.74,https://cdn.shopify.com/s/files/1/0252/8251/0902/products/product-image-1281285203.jpg?v=1584384461
1pc-8cm-white-wooden-letters-english-alphabet-diy-personalised-name-design-art-craft-wedding-home-decor-letters-room-decoration,ZM-R,8cm,29103397-zm-r-8cm,1.74,https://cdn.shopify.com/s/files/1/0252/8251/0902/products/product-image-1281285215.jpg?v=1584384461
1pc-8cm-white-wooden-letters-english-alphabet-diy-personalised-name-design-art-craft-wedding-home-decor-letters-room-decoration,ZM-S,8cm,29103397-zm-s-8cm,1.74,https://cdn.shopify.com/s/files/1/0252/8251/0902/products/product-image-1281285216.jpg?v=1584384465
1pc-8cm-white-wooden-letters-english-alphabet-diy-personalised-name-design-art-craft-wedding-home-decor-letters-room-decoration,ZM-P,8cm,29103397-zm-p-8cm,1.74,https://cdn.shopify.com/s/files/1/0252/8251/0902/products/product-image-1281285213.jpg?v=1584384462
1pc-8cm-white-wooden-letters-english-alphabet-diy-personalised-name-design-art-craft-wedding-home-decor-letters-room-decoration,ZM-Q,8cm,29103397-zm-q-8cm,1.74,https://cdn.shopify.com/s/files/1/0252/8251/0902/products/product-image-1281285214.jpg?v=1584384461
1pc-8cm-white-wooden-letters-english-alphabet-diy-personalised-name-design-art-craft-wedding-home-decor-letters-room-decoration,SZ-8,8cm,29103397-sz-8-8cm,1.74,https://cdn.shopify.com/s/files/1/0252/8251/0902/products/product-image-1281285235.jpg?v=1584384479
1pc-8cm-white-wooden-letters-english-alphabet-diy-personalised-name-design-art-craft-wedding-home-decor-letters-room-decoration,SZ-9,8cm,29103397-sz-9-8cm,1.74,https://cdn.shopify.com/s/files/1/0252/8251/0902/products/product-image-1281285236.jpg?v=1584384478
1pc-8cm-white-wooden-letters-english-alphabet-diy-personalised-name-design-art-craft-wedding-home-decor-letters-room-decoration,ZM-D,8cm,29103397-zm-d-8cm,1.74,https://cdn.shopify.com/s/files/1/0252/8251/0902/products/product-image-1281285201.jpg?v=1584384461
1pc-8cm-white-wooden-letters-english-alphabet-diy-personalised-name-design-art-craft-wedding-home-decor-letters-room-decoration,ZM-C,8cm,29103397-zm-c-8cm,1.74,https://cdn.shopify.com/s/files/1/0252/8251/0902/products/product-image-1281285200.jpg?v=1584384464
1pc-8cm-white-wooden-letters-english-alphabet-diy-personalised-name-design-art-craft-wedding-home-decor-letters-room-decoration,ZM-A,8cm,29103397-zm-a-8cm,1.74,https://cdn.shopify.com/s/files/1/0252/8251/0902/products/product-image-1281285198.jpg?v=1584384467
1pc-8cm-white-wooden-letters-english-alphabet-diy-personalised-name-design-art-craft-wedding-home-decor-letters-room-decoration,ZM-B,8cm,29103397-zm-b-8cm,1.74,https://cdn.shopify.com/s/files/1/0252/8251/0902/products/product-image-1281285199.jpg?v=1584384462
1pc-8cm-white-wooden-letters-english-alphabet-diy-personalised-name-design-art-craft-wedding-home-decor-letters-room-decoration,ZM-AND,8cm,29103397-zm-and-8cm,1.74,https://cdn.shopify.com/s/files/1/0252/8251/0902/products/product-image-1281285224.jpg?v=1584384482
1pc-8cm-white-wooden-letters-english-alphabet-diy-personalised-name-design-art-craft-wedding-home-decor-letters-room-decoration,ZM-N,8cm,29103397-zm-n-8cm,1.74,https://cdn.shopify.com/s/files/1/0252/8251/0902/products/product-image-1281285211.jpg?v=1584384461
1pc-8cm-white-wooden-letters-english-alphabet-diy-personalised-name-design-art-craft-wedding-home-decor-letters-room-decoration,SZ-1,8cm,29103397-sz-1-8cm,1.74,https://cdn.shopify.com/s/files/1/0252/8251/0902/products/product-image-1281285228.jpg?v=1584384467
1pc-8cm-white-wooden-letters-english-alphabet-diy-personalised-name-design-art-craft-wedding-home-decor-letters-room-decoration,ZM-M,8cm,29103397-zm-m-8cm,1.74,https://cdn.shopify.com/s/files/1/0252/8251/0902/products/product-image-1281285210.jpg?v=1584384461
1pc-8cm-white-wooden-letters-english-alphabet-diy-personalised-name-design-art-craft-wedding-home-decor-letters-room-decoration,ZM-AT,8cm,29103397-zm-at-8cm,1.74,https://cdn.shopify.com/s/files/1/0252/8251/0902/products/product-image-1281285225.jpg?v=1584384468
1pc-8cm-white-wooden-letters-english-alphabet-diy-personalised-name-design-art-craft-wedding-home-decor-letters-room-decoration,ZM-T,8cm,29103397-zm-t-8cm,1.74,https://cdn.shopify.com/s/files/1/0252/8251/0902/products/product-image-1281285217.jpg?v=1584384469
1pc-8cm-white-wooden-letters-english-alphabet-diy-personalised-name-design-art-craft-wedding-home-decor-letters-room-decoration,ZM-AX,8cm,29103397-zm-ax-8cm,1.74,https://cdn.shopify.com/s/files/1/0252/8251/0902/products/product-image-1281285226.jpg?v=1584384473
1pc-8cm-white-wooden-letters-english-alphabet-diy-personalised-name-design-art-craft-wedding-home-decor-letters-room-decoration,ZM-Z,8cm,29103397-zm-z-8cm,1.74,https://cdn.shopify.com/s/files/1/0252/8251/0902/products/product-image-1281285223.jpg?v=1584384470
1pc-8cm-white-wooden-letters-english-alphabet-diy-personalised-name-design-art-craft-wedding-home-decor-letters-room-decoration,ZM-L,8cm,29103397-zm-l-8cm,1.74,https://cdn.shopify.com/s/files/1/0252/8251/0902/products/product-image-1281285209.jpg?v=1584384461
1pc-8cm-white-wooden-letters-english-alphabet-diy-personalised-name-design-art-craft-wedding-home-decor-letters-room-decoration,SZ-0,8cm,29103397-sz-0-8cm,1.74,https://cdn.shopify.com/s/files/1/0252/8251/0902/products/product-image-1281285227.jpg?v=1584384466
1pc-8cm-white-wooden-letters-english-alphabet-diy-personalised-name-design-art-craft-wedding-home-decor-letters-room-decoration,SZ-5,8cm,29103397-sz-5-8cm,1.74,https://cdn.shopify.com/s/files/1/0252/8251/0902/products/product-image-1281285232.jpg?v=1584384463
1pc-8cm-white-wooden-letters-english-alphabet-diy-personalised-name-design-art-craft-wedding-home-decor-letters-room-decoration,SZ-3,8cm,29103397-sz-3-8cm,1.74,https://cdn.shopify.com/s/files/1/0252/8251/0902/products/product-image-1281285230.jpg?v=1584384476
1pc-8cm-white-wooden-letters-english-alphabet-diy-personalised-name-design-art-craft-wedding-home-decor-letters-room-decoration,SZ-2,8cm,29103397-sz-2-8cm,1.74,https://cdn.shopify.com/s/files/1/0252/8251/0902/products/product-image-1281285229.jpg?v=1584384481
1pc-8cm-white-wooden-letters-english-alphabet-diy-personalised-name-design-art-craft-wedding-home-decor-letters-room-decoration,SZ-4,8cm,29103397-sz-4-8cm,1.74,https://cdn.shopify.com/s/files/1/0252/8251/0902/products/product-image-1281285231.jpg?v=1584384470
1pc-8cm-white-wooden-letters-english-alphabet-diy-personalised-name-design-art-craft-wedding-home-decor-letters-room-decoration,ZM-K,8cm,29103397-zm-k-8cm,1.74,https://cdn.shopify.com/s/files/1/0252/8251/0902/products/product-image-1281285208.jpg?v=1584384466
1pc-8cm-white-wooden-letters-english-alphabet-diy-personalised-name-design-art-craft-wedding-home-decor-letters-room-decoration,SZ-7,8cm,29103397-sz-7-8cm,1.74,https://cdn.shopify.com/s/files/1/0252/8251/0902/products/product-image-1281285234.jpg?v=1584384479
1pc-8cm-white-wooden-letters-english-alphabet-diy-personalised-name-design-art-craft-wedding-home-decor-letters-room-decoration,ZM-V,8cm,29103397-zm-v-8cm,1.74,https://cdn.shopify.com/s/files/1/0252/8251/0902/products/product-image-1281285219.jpg?v=1584384461
1pc-8cm-white-wooden-letters-english-alphabet-diy-personalised-name-design-art-craft-wedding-home-decor-letters-room-decoration,ZM-W,8cm,29103397-zm-w-8cm,1.74,https://cdn.shopify.com/s/files/1/0252/8251/0902/products/product-image-1281285220.jpg?v=1584384464
1pc-8cm-white-wooden-letters-english-alphabet-diy-personalised-name-design-art-craft-wedding-home-decor-letters-room-decoration,ZM-H,8cm,29103397-zm-h-8cm,1.74,https://cdn.shopify.com/s/files/1/0252/8251/0902/products/product-image-1281285205.jpg?v=1584384461
1pc-8cm-white-wooden-letters-english-alphabet-diy-personalised-name-design-art-craft-wedding-home-decor-letters-room-decoration,ZM-U,8cm,29103397-zm-u-8cm,1.74,https://cdn.shopify.com/s/files/1/0252/8251/0902/products/product-image-1281285218.jpg?v=1584384465
1pc-8cm-white-wooden-letters-english-alphabet-diy-personalised-name-design-art-craft-wedding-home-decor-letters-room-decoration,ZM-I,8cm,29103397-zm-i-8cm,1.74,https://cdn.shopify.com/s/files/1/0252/8251/0902/products/product-image-1281285206.jpg?v=1584384461
1pc-8cm-white-wooden-letters-english-alphabet-diy-personalised-name-design-art-craft-wedding-home-decor-letters-room-decoration,ZM-J,8cm,29103397-zm-j-8cm,1.74,https://cdn.shopify.com/s/files/1/0252/8251/0902/products/product-image-1281285207.jpg?v=1584384461
1pc-8cm-white-wooden-letters-english-alphabet-diy-personalised-name-design-art-craft-wedding-home-decor-letters-room-decoration,ZM-X,8cm,29103397-zm-x-8cm,1.74,https://cdn.shopify.com/s/files/1/0252/8251/0902/products/product-image-1281285221.jpg?v=1584384480
1pc-8cm-white-wooden-letters-english-alphabet-diy-personalised-name-design-art-craft-wedding-home-decor-letters-room-decoration,ZM-Y,8cm,29103397-zm-y-8cm,1.74,https://cdn.shopify.com/s/files/1/0252/8251/0902/products/product-image-1281285222.jpg?v=1584384477
1pc-8cm-white-wooden-letters-english-alphabet-diy-personalised-name-design-art-craft-wedding-home-decor-letters-room-decoration,SZ-6,8cm,29103397-sz-6-8cm,1.74,https://cdn.shopify.com/s/files/1/0252/8251/0902/products/product-image-1281285233.jpg?v=1584384461
white-plastic-letter-led-night-light-marquee-sign-alphabet-lights-lamp-home-club-outdoor-indoor-party-wedding-home-decoration,M,,29742788-m,7.16,https://cdn.shopify.com/s/files/1/0252/8251/0902/products/product-image-1284647504.jpg?v=1584384453
white-plastic-letter-led-night-light-marquee-sign-alphabet-lights-lamp-home-club-outdoor-indoor-party-wedding-home-decoration,N,,29742788-n,6.44,https://cdn.shopify.com/s/files/1/0252/8251/0902/products/product-image-1284647505.jpg?v=1584384453
white-plastic-letter-led-night-light-marquee-sign-alphabet-lights-lamp-home-club-outdoor-indoor-party-wedding-home-decoration,R,,29742788-r,6.76,https://cdn.shopify.com/s/files/1/0252/8251/0902/products/product-image-1284647506.jpg?v=1584384454
white-plastic-letter-led-night-light-marquee-sign-alphabet-lights-lamp-home-club-outdoor-indoor-party-wedding-home-decoration,O,,29742788-o,5.60,https://cdn.shopify.com/s/files/1/0252/8251/0902/products/product-image-1284647517.jpg?v=1584384476
white-plastic-letter-led-night-light-marquee-sign-alphabet-lights-lamp-home-club-outdoor-indoor-party-wedding-home-decoration,E,,29742788-e,6.62,https://cdn.shopify.com/s/files/1/0252/8251/0902/products/product-image-1284647500.jpg?v=1584384454
white-plastic-letter-led-night-light-marquee-sign-alphabet-lights-lamp-home-club-outdoor-indoor-party-wedding-home-decoration,L,,29742788-l,5.68,https://cdn.shopify.com/s/files/1/0252/8251/0902/products/product-image-1284647501.jpg?v=1584384454
white-plastic-letter-led-night-light-marquee-sign-alphabet-lights-lamp-home-club-outdoor-indoor-party-wedding-home-decoration,S,,29742788-s,5.74,https://cdn.shopify.com/s/files/1/0252/8251/0902/products/product-image-1284647502.jpg?v=1584384456
white-plastic-letter-led-night-light-marquee-sign-alphabet-lights-lamp-home-club-outdoor-indoor-party-wedding-home-decoration,X Y Z or symbol,,29742788-x-y-z-or-symbol,6.22,https://cdn.shopify.com/s/files/1/0252/8251/0902/products/product-image-1284647503.jpg?v=1584384455
white-plastic-letter-led-night-light-marquee-sign-alphabet-lights-lamp-home-club-outdoor-indoor-party-wedding-home-decoration,A,,29742788-a,5.88,https://cdn.shopify.com/s/files/1/0252/8251/0902/products/product-image-1284647499.jpg?v=1584384453
white-plastic-letter-led-night-light-marquee-sign-alphabet-lights-lamp-home-club-outdoor-indoor-party-wedding-home-decoration,U,,29742788-u,06.02,https://cdn.shopify.com/s/files/1/0252/8251/0902/products/product-image-1284647516.jpg?v=1584384469
white-plastic-letter-led-night-light-marquee-sign-alphabet-lights-lamp-home-club-outdoor-indoor-party-wedding-home-decoration,W,,29742788-w,07.04,https://cdn.shopify.com/s/files/1/0252/8251/0902/products/product-image-1284647521.jpg?v=1584384474
white-plastic-letter-led-night-light-marquee-sign-alphabet-lights-lamp-home-club-outdoor-indoor-party-wedding-home-decoration,Q,,29742788-q,6.20,https://cdn.shopify.com/s/files/1/0252/8251/0902/products/product-image-1284647522.jpg?v=1584384462
white-plastic-letter-led-night-light-marquee-sign-alphabet-lights-lamp-home-club-outdoor-indoor-party-wedding-home-decoration,heart,,29742788-heart,3.78,https://cdn.shopify.com/s/files/1/0252/8251/0902/products/product-image-1284647523.jpg?v=1584384471
white-plastic-letter-led-night-light-marquee-sign-alphabet-lights-lamp-home-club-outdoor-indoor-party-wedding-home-decoration,V,,29742788-v,5.72,https://cdn.shopify.com/s/files/1/0252/8251/0902/products/product-image-1284647512.jpg?v=1584384466
white-plastic-letter-led-night-light-marquee-sign-alphabet-lights-lamp-home-club-outdoor-indoor-party-wedding-home-decoration,P,,29742788-p,5.76,https://cdn.shopify.com/s/files/1/0252/8251/0902/products/product-image-1284647513.jpg?v=1584384479
white-plastic-letter-led-night-light-marquee-sign-alphabet-lights-lamp-home-club-outdoor-indoor-party-wedding-home-decoration,H,,29742788-h,6.94,https://cdn.shopify.com/s/files/1/0252/8251/0902/products/product-image-1284647514.jpg?v=1584384472
white-plastic-letter-led-night-light-marquee-sign-alphabet-lights-lamp-home-club-outdoor-indoor-party-wedding-home-decoration,F,,29742788-f,5.94,https://cdn.shopify.com/s/files/1/0252/8251/0902/products/product-image-1284647515.jpg?v=1584384471
white-plastic-letter-led-night-light-marquee-sign-alphabet-lights-lamp-home-club-outdoor-indoor-party-wedding-home-decoration,B,,29742788-b,6.56,https://cdn.shopify.com/s/files/1/0252/8251/0902/products/product-image-1284647508.jpg?v=1584384456
white-plastic-letter-led-night-light-marquee-sign-alphabet-lights-lamp-home-club-outdoor-indoor-party-wedding-home-decoration,K,,29742788-k,6.62,https://cdn.shopify.com/s/files/1/0252/8251/0902/products/product-image-1284647509.jpg?v=1584384477
white-plastic-letter-led-night-light-marquee-sign-alphabet-lights-lamp-home-club-outdoor-indoor-party-wedding-home-decoration,G,,29742788-g,5.76,https://cdn.shopify.com/s/files/1/0252/8251/0902/products/product-image-1284647510.jpg?v=1584384473
white-plastic-letter-led-night-light-marquee-sign-alphabet-lights-lamp-home-club-outdoor-indoor-party-wedding-home-decoration,C,,29742788-c,5.12,https://cdn.shopify.com/s/files/1/0252/8251/0902/products/product-image-1284647511.jpg?v=1584384469
white-plastic-letter-led-night-light-marquee-sign-alphabet-lights-lamp-home-club-outdoor-indoor-party-wedding-home-decoration,J,,29742788-j,4.96,https://cdn.shopify.com/s/files/1/0252/8251/0902/products/product-image-1284647519.jpg?v=1584384468
white-plastic-letter-led-night-light-marquee-sign-alphabet-lights-lamp-home-club-outdoor-indoor-party-wedding-home-decoration,I,,29742788-i,4.68,https://cdn.shopify.com/s/files/1/0252/8251/0902/products/product-image-1284647518.jpg?v=1584384462
white-plastic-letter-led-night-light-marquee-sign-alphabet-lights-lamp-home-club-outdoor-indoor-party-wedding-home-decoration,T,,29742788-t,5.90,https://cdn.shopify.com/s/files/1/0252/8251/0902/products/product-image-1284647520.jpg?v=1584384470
white-plastic-letter-led-night-light-marquee-sign-alphabet-lights-lamp-home-club-outdoor-indoor-party-wedding-home-decoration,D,,29742788-d,6.34,https://cdn.shopify.com/s/files/1/0252/8251/0902/products/product-image-1284647507.jpg?v=1584384455
silicone-thumb-cutter-separator-finger-tools-picking-device-for-garden-harvesting-plant-gardening,L,,32811726-l,3.80,https://cdn.shopify.com/s/files/1/0252/8251/0902/products/product-image-1284408349.jpg?v=1584384451
silicone-thumb-cutter-separator-finger-tools-picking-device-for-garden-harvesting-plant-gardening,M,,32811726-m,4.24,https://cdn.shopify.com/s/files/1/0252/8251/0902/products/product-image-1284408345.jpg?v=1584384450
6foot-8foot-2-5m-big-circle-wedding-birthday-arch-decoration-background-wrought-props-single-arch-flower-door-rack-outdoor-lawn,Diameter 1.5m,2pcs  White 2m,31856551-diameter-1-5m-2pcs-white-2m,388.08,https://cdn.shopify.com/s/files/1/0252/8251/0902/products/product-image-1280295258.jpg?v=1584384467
6foot-8foot-2-5m-big-circle-wedding-birthday-arch-decoration-background-wrought-props-single-arch-flower-door-rack-outdoor-lawn,Diameter  2m,2pcs  White 2m,31856551-diameter-2m-2pcs-white-2m,388.08,https://cdn.shopify.com/s/files/1/0252/8251/0902/products/product-image-1280295258.jpg?v=1584384467
6foot-8foot-2-5m-big-circle-wedding-birthday-arch-decoration-background-wrought-props-single-arch-flower-door-rack-outdoor-lawn,Diameter 1m,2pcs  White 2m,31856551-diameter-1m-2pcs-white-2m,388.08,https://cdn.shopify.com/s/files/1/0252/8251/0902/products/product-image-1280295258.jpg?v=1584384467
6foot-8foot-2-5m-big-circle-wedding-birthday-arch-decoration-background-wrought-props-single-arch-flower-door-rack-outdoor-lawn,Diameter 1.2m,2pcs  White 2m,31856551-diameter-1-2m-2pcs-white-2m,388.08,https://cdn.shopify.com/s/files/1/0252/8251/0902/products/product-image-1280295258.jpg?v=1584384467
6foot-8foot-2-5m-big-circle-wedding-birthday-arch-decoration-background-wrought-props-single-arch-flower-door-rack-outdoor-lawn,Diameter 2.5m,2pcs  White 2m,31856551-diameter-2-5m-2pcs-white-2m,388.08,https://cdn.shopify.com/s/files/1/0252/8251/0902/products/product-image-1280295258.jpg?v=1584384467
6foot-8foot-2-5m-big-circle-wedding-birthday-arch-decoration-background-wrought-props-single-arch-flower-door-rack-outdoor-lawn,wooden Thank you,2pcs  White 2m,31856551-wooden-thank-you-2pcs-white-2m,388.08,https://cdn.shopify.com/s/files/1/0252/8251/0902/products/product-image-1280295258.jpg?v=1584384467
6foot-8foot-2-5m-big-circle-wedding-birthday-arch-decoration-background-wrought-props-single-arch-flower-door-rack-outdoor-lawn,Diameter 1m,G2.5m and  W2.5m,31856551-diameter-1m-g2-5m-and-w2-5m,484.68,https://cdn.shopify.com/s/files/1/0252/8251/0902/products/product-image-1280295257.jpg?v=1584384467
6foot-8foot-2-5m-big-circle-wedding-birthday-arch-decoration-background-wrought-props-single-arch-flower-door-rack-outdoor-lawn,Diameter 1.2m,G2.5m and  W2.5m,31856551-diameter-1-2m-g2-5m-and-w2-5m,484.68,https://cdn.shopify.com/s/files/1/0252/8251/0902/products/product-image-1280295257.jpg?v=1584384467
6foot-8foot-2-5m-big-circle-wedding-birthday-arch-decoration-background-wrought-props-single-arch-flower-door-rack-outdoor-lawn,Diameter 2.5m,Wedding props2pcs,31856551-diameter-2-5m-wedding-props2pcs,87.36,https://cdn.shopify.com/s/files/1/0252/8251/0902/products/product-image-1280295255.jpg?v=1584384467
6foot-8foot-2-5m-big-circle-wedding-birthday-arch-decoration-background-wrought-props-single-arch-flower-door-rack-outdoor-lawn,wooden Thank you,Wedding props2pcs,31856551-wooden-thank-you-wedding-props2pcs,87.36,https://cdn.shopify.com/s/files/1/0252/8251/0902/products/product-image-1280295255.jpg?v=1584384467
6foot-8foot-2-5m-big-circle-wedding-birthday-arch-decoration-background-wrought-props-single-arch-flower-door-rack-outdoor-lawn,Diameter 2.5m,G2.5m and  W2.5m,31856551-diameter-2-5m-g2-5m-and-w2-5m,484.68,https://cdn.shopify.com/s/files/1/0252/8251/0902/products/product-image-1280295257.jpg?v=1584384467
6foot-8foot-2-5m-big-circle-wedding-birthday-arch-decoration-background-wrought-props-single-arch-flower-door-rack-outdoor-lawn,wooden Thank you,G2.5m and  W2.5m,31856551-wooden-thank-you-g2-5m-and-w2-5m,484.68,https://cdn.shopify.com/s/files/1/0252/8251/0902/products/product-image-1280295257.jpg?v=1584384467
6foot-8foot-2-5m-big-circle-wedding-birthday-arch-decoration-background-wrought-props-single-arch-flower-door-rack-outdoor-lawn,Diameter 1.5m,G2.5m and  W2.5m,31856551-diameter-1-5m-g2-5m-and-w2-5m,484.68,https://cdn.shopify.com/s/files/1/0252/8251/0902/products/product-image-1280295257.jpg?v=1584384467
6foot-8foot-2-5m-big-circle-wedding-birthday-arch-decoration-background-wrought-props-single-arch-flower-door-rack-outdoor-lawn,Diameter  2m,G2.5m and  W2.5m,31856551-diameter-2m-g2-5m-and-w2-5m,484.68,https://cdn.shopify.com/s/files/1/0252/8251/0902/products/product-image-1280295257.jpg?v=1584384467
6foot-8foot-2-5m-big-circle-wedding-birthday-arch-decoration-background-wrought-props-single-arch-flower-door-rack-outdoor-lawn,Diameter 1.5m,2pcs  GOLDEN 2.5m,31856551-diameter-1-5m-2pcs-golden-2-5m,484.68,https://cdn.shopify.com/s/files/1/0252/8251/0902/products/product-image-1280295259.jpg?v=1584384470
6foot-8foot-2-5m-big-circle-wedding-birthday-arch-decoration-background-wrought-props-single-arch-flower-door-rack-outdoor-lawn,Diameter  2m,2pcs  GOLDEN 2.5m,31856551-diameter-2m-2pcs-golden-2-5m,484.68,https://cdn.shopify.com/s/files/1/0252/8251/0902/products/product-image-1280295259.jpg?v=1584384470
6foot-8foot-2-5m-big-circle-wedding-birthday-arch-decoration-background-wrought-props-single-arch-flower-door-rack-outdoor-lawn,Diameter 1m,2pcs  GOLDEN 2.5m,31856551-diameter-1m-2pcs-golden-2-5m,484.68,https://cdn.shopify.com/s/files/1/0252/8251/0902/products/product-image-1280295259.jpg?v=1584384470
6foot-8foot-2-5m-big-circle-wedding-birthday-arch-decoration-background-wrought-props-single-arch-flower-door-rack-outdoor-lawn,Diameter 1.2m,2pcs  GOLDEN 2.5m,31856551-diameter-1-2m-2pcs-golden-2-5m,484.68,https://cdn.shopify.com/s/files/1/0252/8251/0902/products/product-image-1280295259.jpg?v=1584384470
6foot-8foot-2-5m-big-circle-wedding-birthday-arch-decoration-background-wrought-props-single-arch-flower-door-rack-outdoor-lawn,Diameter 1m,2pcs  WHITE 2.5m,31856551-diameter-1m-2pcs-white-2-5m,484.68,https://cdn.shopify.com/s/files/1/0252/8251/0902/products/product-image-1280295260.jpg?v=1584384476
6foot-8foot-2-5m-big-circle-wedding-birthday-arch-decoration-background-wrought-props-single-arch-flower-door-rack-outdoor-lawn,Diameter 1.2m,2pcs  WHITE 2.5m,31856551-diameter-1-2m-2pcs-white-2-5m,484.68,https://cdn.shopify.com/s/files/1/0252/8251/0902/products/product-image-1280295260.jpg?v=1584384476
6foot-8foot-2-5m-big-circle-wedding-birthday-arch-decoration-background-wrought-props-single-arch-flower-door-rack-outdoor-lawn,Diameter 2.5m,2pcs  GOLDEN 2.5m,31856551-diameter-2-5m-2pcs-golden-2-5m,484.68,https://cdn.shopify.com/s/files/1/0252/8251/0902/products/product-image-1280295259.jpg?v=1584384470
6foot-8foot-2-5m-big-circle-wedding-birthday-arch-decoration-background-wrought-props-single-arch-flower-door-rack-outdoor-lawn,wooden Thank you,2pcs  GOLDEN 2.5m,31856551-wooden-thank-you-2pcs-golden-2-5m,484.68,https://cdn.shopify.com/s/files/1/0252/8251/0902/products/product-image-1280295259.jpg?v=1584384470
6foot-8foot-2-5m-big-circle-wedding-birthday-arch-decoration-background-wrought-props-single-arch-flower-door-rack-outdoor-lawn,Diameter 2.5m,2pcs  WHITE 2.5m,31856551-diameter-2-5m-2pcs-white-2-5m,484.68,https://cdn.shopify.com/s/files/1/0252/8251/0902/products/product-image-1280295260.jpg?v=1584384476
6foot-8foot-2-5m-big-circle-wedding-birthday-arch-decoration-background-wrought-props-single-arch-flower-door-rack-outdoor-lawn,wooden Thank you,2pcs  WHITE 2.5m,31856551-wooden-thank-you-2pcs-white-2-5m,484.68,https://cdn.shopify.com/s/files/1/0252/8251/0902/products/product-image-1280295260.jpg?v=1584384476
6foot-8foot-2-5m-big-circle-wedding-birthday-arch-decoration-background-wrought-props-single-arch-flower-door-rack-outdoor-lawn,Diameter 1.5m,2pcs  WHITE 2.5m,31856551-diameter-1-5m-2pcs-white-2-5m,484.68,https://cdn.shopify.com/s/files/1/0252/8251/0902/products/product-image-1280295260.jpg?v=1584384476
6foot-8foot-2-5m-big-circle-wedding-birthday-arch-decoration-background-wrought-props-single-arch-flower-door-rack-outdoor-lawn,Diameter  2m,2pcs  WHITE 2.5m,31856551-diameter-2m-2pcs-white-2-5m,484.68,https://cdn.shopify.com/s/files/1/0252/8251/0902/products/product-image-1280295260.jpg?v=1584384476
6foot-8foot-2-5m-big-circle-wedding-birthday-arch-decoration-background-wrought-props-single-arch-flower-door-rack-outdoor-lawn,Diameter 1.5m,G2m and  W2m,31856551-diameter-1-5m-g2m-and-w2m,388.08,https://cdn.shopify.com/s/files/1/0252/8251/0902/products/product-image-1280295261.jpg?v=1584384483
6foot-8foot-2-5m-big-circle-wedding-birthday-arch-decoration-background-wrought-props-single-arch-flower-door-rack-outdoor-lawn,Diameter  2m,G2m and  W2m,31856551-diameter-2m-g2m-and-w2m,388.08,https://cdn.shopify.com/s/files/1/0252/8251/0902/products/product-image-1280295261.jpg?v=1584384483
6foot-8foot-2-5m-big-circle-wedding-birthday-arch-decoration-background-wrought-props-single-arch-flower-door-rack-outdoor-lawn,Diameter 1m,G2m and  W2m,31856551-diameter-1m-g2m-and-w2m,388.08,https://cdn.shopify.com/s/files/1/0252/8251/0902/products/product-image-1280295261.jpg?v=1584384483
6foot-8foot-2-5m-big-circle-wedding-birthday-arch-decoration-background-wrought-props-single-arch-flower-door-rack-outdoor-lawn,Diameter 1.2m,G2m and  W2m,31856551-diameter-1-2m-g2m-and-w2m,388.08,https://cdn.shopify.com/s/files/1/0252/8251/0902/products/product-image-1280295261.jpg?v=1584384483
6foot-8foot-2-5m-big-circle-wedding-birthday-arch-decoration-background-wrought-props-single-arch-flower-door-rack-outdoor-lawn,Diameter 1m,2pcs  Golden 2m,31856551-diameter-1m-2pcs-golden-2m,388.08,https://cdn.shopify.com/s/files/1/0252/8251/0902/products/product-image-1280295256.jpg?v=1584384467
6foot-8foot-2-5m-big-circle-wedding-birthday-arch-decoration-background-wrought-props-single-arch-flower-door-rack-outdoor-lawn,Diameter 1.2m,2pcs  Golden 2m,31856551-diameter-1-2m-2pcs-golden-2m,388.08,https://cdn.shopify.com/s/files/1/0252/8251/0902/products/product-image-1280295256.jpg?v=1584384467
6foot-8foot-2-5m-big-circle-wedding-birthday-arch-decoration-background-wrought-props-single-arch-flower-door-rack-outdoor-lawn,Diameter 2.5m,G2m and  W2m,31856551-diameter-2-5m-g2m-and-w2m,388.08,https://cdn.shopify.com/s/files/1/0252/8251/0902/products/product-image-1280295261.jpg?v=1584384483
6foot-8foot-2-5m-big-circle-wedding-birthday-arch-decoration-background-wrought-props-single-arch-flower-door-rack-outdoor-lawn,wooden Thank you,G2m and  W2m,31856551-wooden-thank-you-g2m-and-w2m,388.08,https://cdn.shopify.com/s/files/1/0252/8251/0902/products/product-image-1280295261.jpg?v=1584384483
6foot-8foot-2-5m-big-circle-wedding-birthday-arch-decoration-background-wrought-props-single-arch-flower-door-rack-outdoor-lawn,Diameter 2.5m,2pcs  Golden 2m,31856551-diameter-2-5m-2pcs-golden-2m,388.08,https://cdn.shopify.com/s/files/1/0252/8251/0902/products/product-image-1280295256.jpg?v=1584384467
6foot-8foot-2-5m-big-circle-wedding-birthday-arch-decoration-background-wrought-props-single-arch-flower-door-rack-outdoor-lawn,wooden Thank you,2pcs  Golden 2m,31856551-wooden-thank-you-2pcs-golden-2m,388.08,https://cdn.shopify.com/s/files/1/0252/8251/0902/products/product-image-1280295256.jpg?v=1584384467
6foot-8foot-2-5m-big-circle-wedding-birthday-arch-decoration-background-wrought-props-single-arch-flower-door-rack-outdoor-lawn,Diameter 1.5m,2pcs  Golden 2m,31856551-diameter-1-5m-2pcs-golden-2m,388.08,https://cdn.shopify.com/s/files/1/0252/8251/0902/products/product-image-1280295256.jpg?v=1584384467
6foot-8foot-2-5m-big-circle-wedding-birthday-arch-decoration-background-wrought-props-single-arch-flower-door-rack-outdoor-lawn,Diameter  2m,2pcs  Golden 2m,31856551-diameter-2m-2pcs-golden-2m,388.08,https://cdn.shopify.com/s/files/1/0252/8251/0902/products/product-image-1280295256.jpg?v=1584384467
6foot-8foot-2-5m-big-circle-wedding-birthday-arch-decoration-background-wrought-props-single-arch-flower-door-rack-outdoor-lawn,Diameter 1.5m,GOLDEN,31856551-diameter-1-5m-golden,176.40,https://cdn.shopify.com/s/files/1/0252/8251/0902/products/product-image-1280295253.jpg?v=1584384467
6foot-8foot-2-5m-big-circle-wedding-birthday-arch-decoration-background-wrought-props-single-arch-flower-door-rack-outdoor-lawn,Diameter  2m,GOLDEN,31856551-diameter-2m-golden,197.40,https://cdn.shopify.com/s/files/1/0252/8251/0902/products/product-image-1280295253.jpg?v=1584384467
6foot-8foot-2-5m-big-circle-wedding-birthday-arch-decoration-background-wrought-props-single-arch-flower-door-rack-outdoor-lawn,Diameter 1m,GOLDEN,31856551-diameter-1m-golden,115.92,https://cdn.shopify.com/s/files/1/0252/8251/0902/products/product-image-1280295253.jpg?v=1584384467
6foot-8foot-2-5m-big-circle-wedding-birthday-arch-decoration-background-wrought-props-single-arch-flower-door-rack-outdoor-lawn,Diameter 1.2m,GOLDEN,31856551-diameter-1-2m-golden,133.56,https://cdn.shopify.com/s/files/1/0252/8251/0902/products/product-image-1280295253.jpg?v=1584384467
6foot-8foot-2-5m-big-circle-wedding-birthday-arch-decoration-background-wrought-props-single-arch-flower-door-rack-outdoor-lawn,Diameter 1m,WHITE,31856551-diameter-1m-white,115.92,https://cdn.shopify.com/s/files/1/0252/8251/0902/products/product-image-1280295254.jpg?v=1584384467
6foot-8foot-2-5m-big-circle-wedding-birthday-arch-decoration-background-wrought-props-single-arch-flower-door-rack-outdoor-lawn,Diameter 1.2m,WHITE,31856551-diameter-1-2m-white,133.56,https://cdn.shopify.com/s/files/1/0252/8251/0902/products/product-image-1280295254.jpg?v=1584384467
6foot-8foot-2-5m-big-circle-wedding-birthday-arch-decoration-background-wrought-props-single-arch-flower-door-rack-outdoor-lawn,Diameter 2.5m,GOLDEN,31856551-diameter-2-5m-golden,235.20,https://cdn.shopify.com/s/files/1/0252/8251/0902/products/product-image-1280295253.jpg?v=1584384467
6foot-8foot-2-5m-big-circle-wedding-birthday-arch-decoration-background-wrought-props-single-arch-flower-door-rack-outdoor-lawn,wooden Thank you,GOLDEN,31856551-wooden-thank-you-golden,235.20,https://cdn.shopify.com/s/files/1/0252/8251/0902/products/product-image-1280295253.jpg?v=1584384467
6foot-8foot-2-5m-big-circle-wedding-birthday-arch-decoration-background-wrought-props-single-arch-flower-door-rack-outdoor-lawn,Diameter 2.5m,WHITE,31856551-diameter-2-5m-white,235.20,https://cdn.shopify.com/s/files/1/0252/8251/0902/products/product-image-1280295254.jpg?v=1584384467
6foot-8foot-2-5m-big-circle-wedding-birthday-arch-decoration-background-wrought-props-single-arch-flower-door-rack-outdoor-lawn,wooden Thank you,WHITE,31856551-wooden-thank-you-white,235.20,https://cdn.shopify.com/s/files/1/0252/8251/0902/products/product-image-1280295254.jpg?v=1584384467
6foot-8foot-2-5m-big-circle-wedding-birthday-arch-decoration-background-wrought-props-single-arch-flower-door-rack-outdoor-lawn,Diameter 1.5m,WHITE,31856551-diameter-1-5m-white,176.40,https://cdn.shopify.com/s/files/1/0252/8251/0902/products/product-image-1280295254.jpg?v=1584384467
6foot-8foot-2-5m-big-circle-wedding-birthday-arch-decoration-background-wrought-props-single-arch-flower-door-rack-outdoor-lawn,Diameter  2m,WHITE,31856551-diameter-2m-white,197.40,https://cdn.shopify.com/s/files/1/0252/8251/0902/products/product-image-1280295254.jpg?v=1584384467
6foot-8foot-2-5m-big-circle-wedding-birthday-arch-decoration-background-wrought-props-single-arch-flower-door-rack-outdoor-lawn,Diameter 1.5m,Wedding props2pcs,31856551-diameter-1-5m-wedding-props2pcs,87.36,https://cdn.shopify.com/s/files/1/0252/8251/0902/products/product-image-1280295255.jpg?v=1584384467
6foot-8foot-2-5m-big-circle-wedding-birthday-arch-decoration-background-wrought-props-single-arch-flower-door-rack-outdoor-lawn,Diameter  2m,Wedding props2pcs,31856551-diameter-2m-wedding-props2pcs,87.36,https://cdn.shopify.com/s/files/1/0252/8251/0902/products/product-image-1280295255.jpg?v=1584384467
6foot-8foot-2-5m-big-circle-wedding-birthday-arch-decoration-background-wrought-props-single-arch-flower-door-rack-outdoor-lawn,Diameter 1m,Wedding props2pcs,31856551-diameter-1m-wedding-props2pcs,87.36,https://cdn.shopify.com/s/files/1/0252/8251/0902/products/product-image-1280295255.jpg?v=1584384467
6foot-8foot-2-5m-big-circle-wedding-birthday-arch-decoration-background-wrought-props-single-arch-flower-door-rack-outdoor-lawn,Diameter 1.2m,Wedding props2pcs,31856551-diameter-1-2m-wedding-props2pcs,87.36,https://cdn.shopify.com/s/files/1/0252/8251/0902/products/product-image-1280295255.jpg?v=1584384467
pe-grafting-tape-film-self-adhesive-portable-garden-tree-plants-seedlings-grafting-supplies-stretchable-eco-friendly30mm-120m,Default Title,,30495915-1-roll,3.92,https://cdn.shopify.com/s/files/1/0252/8251/0902/products/product-image-1277409605.jpg?v=1584384449
3-sizes-zippered-mesh-laundry-wash-bags-for-delicates-lingerie-socks-underwear,L,,556188-l,1.78,https://cdn.shopify.com/s/files/1/0252/8251/0902/products/product-image-1286120843.jpg?v=1584384450
3-sizes-zippered-mesh-laundry-wash-bags-for-delicates-lingerie-socks-underwear,S,,556188-s,1.14,https://cdn.shopify.com/s/files/1/0252/8251/0902/products/product-image-1286120842.jpg?v=1584384450
3-sizes-zippered-mesh-laundry-wash-bags-for-delicates-lingerie-socks-underwear,M,,556188-m,1.46,https://cdn.shopify.com/s/files/1/0252/8251/0902/products/product-image-1286120841.jpg?v=1584384450
air-vacuum-compressed-storage-bag-home-organizer-transparent-border-foldable-seal-travel-saving-space-package-bags-for-clothes,Single pump,China,33553097-single-pump-china-transparent,9.58,https://cdn.shopify.com/s/files/1/0252/8251/0902/products/product-image-1278858713.jpg?v=1584384452
air-vacuum-compressed-storage-bag-home-organizer-transparent-border-foldable-seal-travel-saving-space-package-bags-for-clothes,Double pump,China,33553097-double-pump-china-transparent,11.98,https://cdn.shopify.com/s/files/1/0252/8251/0902/products/product-image-1278858713.jpg?v=1584384452
air-vacuum-compressed-storage-bag-home-organizer-transparent-border-foldable-seal-travel-saving-space-package-bags-for-clothes,6PCS 2Mini 2S 2M,China,33553097-6pcs-2mini-2s-2m-china-transparent,20.38,https://cdn.shopify.com/s/files/1/0252/8251/0902/products/product-image-1278858713.jpg?v=1584384452
air-vacuum-compressed-storage-bag-home-organizer-transparent-border-foldable-seal-travel-saving-space-package-bags-for-clothes,9PCS 3Mini 3S 3M,China,33553097-9pcs-3mini-3s-3m-china-transparent,32.38,https://cdn.shopify.com/s/files/1/0252/8251/0902/products/product-image-1278858713.jpg?v=1584384452
air-vacuum-compressed-storage-bag-home-organizer-transparent-border-foldable-seal-travel-saving-space-package-bags-for-clothes,XL 80X100CM,China,33553097-xl-80x100cm-china-transparent,7.56,https://cdn.shopify.com/s/files/1/0252/8251/0902/products/product-image-1278858713.jpg?v=1584384452
air-vacuum-compressed-storage-bag-home-organizer-transparent-border-foldable-seal-travel-saving-space-package-bags-for-clothes,XXL 80X110CM,China,33553097-xxl-80x110cm-china-transparent,8.76,https://cdn.shopify.com/s/files/1/0252/8251/0902/products/product-image-1278858713.jpg?v=1584384452
air-vacuum-compressed-storage-bag-home-organizer-transparent-border-foldable-seal-travel-saving-space-package-bags-for-clothes,3XL 100X130CM,China,33553097-3xl-100x130cm-china-transparent,11.76,https://cdn.shopify.com/s/files/1/0252/8251/0902/products/product-image-1278858713.jpg?v=1584384452
air-vacuum-compressed-storage-bag-home-organizer-transparent-border-foldable-seal-travel-saving-space-package-bags-for-clothes,4XL  210X130,China,33553097-4xl-210x130-china-transparent,47.76,https://cdn.shopify.com/s/files/1/0252/8251/0902/products/product-image-1278858713.jpg?v=1584384452
air-vacuum-compressed-storage-bag-home-organizer-transparent-border-foldable-seal-travel-saving-space-package-bags-for-clothes,XS 50X60CM,China,33553097-xs-50x60cm-china-transparent,3.96,https://cdn.shopify.com/s/files/1/0252/8251/0902/products/product-image-1278858713.jpg?v=1584384452
air-vacuum-compressed-storage-bag-home-organizer-transparent-border-foldable-seal-travel-saving-space-package-bags-for-clothes,XXS 50X70CM,China,33553097-xxs-50x70cm-china-transparent,4.12,https://cdn.shopify.com/s/files/1/0252/8251/0902/products/product-image-1278858713.jpg?v=1584384452
air-vacuum-compressed-storage-bag-home-organizer-transparent-border-foldable-seal-travel-saving-space-package-bags-for-clothes,M 60X80CM,China,33553097-m-60x80cm-china-transparent,5.28,https://cdn.shopify.com/s/files/1/0252/8251/0902/products/product-image-1278858713.jpg?v=1584384452
air-vacuum-compressed-storage-bag-home-organizer-transparent-border-foldable-seal-travel-saving-space-package-bags-for-clothes,L 70X100CM,China,33553097-l-70x100cm-china-transparent,5.98,https://cdn.shopify.com/s/files/1/0252/8251/0902/products/product-image-1278858713.jpg?v=1584384452
air-vacuum-compressed-storage-bag-home-organizer-transparent-border-foldable-seal-travel-saving-space-package-bags-for-clothes,Mini30X40CM,China,33553097-mini30x40cm-china-transparent,1.20,https://cdn.shopify.com/s/files/1/0252/8251/0902/products/product-image-1278858713.jpg?v=1584384452
air-vacuum-compressed-storage-bag-home-organizer-transparent-border-foldable-seal-travel-saving-space-package-bags-for-clothes,S 40X60CM,China,33553097-s-40x60cm-china-transparent,3.00,https://cdn.shopify.com/s/files/1/0252/8251/0902/products/product-image-1278858713.jpg?v=1584384452
air-vacuum-compressed-storage-bag-home-organizer-transparent-border-foldable-seal-travel-saving-space-package-bags-for-clothes,12PCS 4S 4M 4L,China,33553097-12pcs-4s-4m-4l-china-transparent,47.76,https://cdn.shopify.com/s/files/1/0252/8251/0902/products/product-image-1278858713.jpg?v=1584384452
air-vacuum-compressed-storage-bag-home-organizer-transparent-border-foldable-seal-travel-saving-space-package-bags-for-clothes,15PCS 6Mini 5S 2M 2L,China,33553097-15pcs-6mini-5s-2m-2l-china-transparent,59.98,https://cdn.shopify.com/s/files/1/0252/8251/0902/products/product-image-1278858713.jpg?v=1584384452
aproms-candy-color-ribbed-knitted-cardigan-women-autumn-winter-long-sleeve-basic-cropped-sweaters-female-casual-short-jumper-top,M,Light Green,30424565-m-light-green,23.98,https://cdn.shopify.com/s/files/1/0252/8251/0902/products/product-image-1309393689.jpg?v=1584384457
aproms-candy-color-ribbed-knitted-cardigan-women-autumn-winter-long-sleeve-basic-cropped-sweaters-female-casual-short-jumper-top,S,Light Green,30424565-s-light-green,23.98,https://cdn.shopify.com/s/files/1/0252/8251/0902/products/product-image-1309393689.jpg?v=1584384457
aproms-candy-color-ribbed-knitted-cardigan-women-autumn-winter-long-sleeve-basic-cropped-sweaters-female-casual-short-jumper-top,M,Brown,30424565-m-brown,23.98,https://cdn.shopify.com/s/files/1/0252/8251/0902/products/product-image-1309393692.jpg?v=1584384457
aproms-candy-color-ribbed-knitted-cardigan-women-autumn-winter-long-sleeve-basic-cropped-sweaters-female-casual-short-jumper-top,S,Brown,30424565-s-brown,23.98,https://cdn.shopify.com/s/files/1/0252/8251/0902/products/product-image-1309393692.jpg?v=1584384457
aproms-candy-color-ribbed-knitted-cardigan-women-autumn-winter-long-sleeve-basic-cropped-sweaters-female-casual-short-jumper-top,M,Sky Blue,30424565-m-sky-blue,23.98,https://cdn.shopify.com/s/files/1/0252/8251/0902/products/product-image-1309393688.jpg?v=1584384457
aproms-candy-color-ribbed-knitted-cardigan-women-autumn-winter-long-sleeve-basic-cropped-sweaters-female-casual-short-jumper-top,S,Sky Blue,30424565-s-sky-blue,23.98,https://cdn.shopify.com/s/files/1/0252/8251/0902/products/product-image-1309393688.jpg?v=1584384457
aproms-candy-color-ribbed-knitted-cardigan-women-autumn-winter-long-sleeve-basic-cropped-sweaters-female-casual-short-jumper-top,M,Gray,30424565-m-gray,23.98,https://cdn.shopify.com/s/files/1/0252/8251/0902/products/product-image-1309393694.jpg?v=1584384457
aproms-candy-color-ribbed-knitted-cardigan-women-autumn-winter-long-sleeve-basic-cropped-sweaters-female-casual-short-jumper-top,S,Gray,30424565-s-gray,23.98,https://cdn.shopify.com/s/files/1/0252/8251/0902/products/product-image-1309393694.jpg?v=1584384457
aproms-candy-color-ribbed-knitted-cardigan-women-autumn-winter-long-sleeve-basic-cropped-sweaters-female-casual-short-jumper-top,M,Army Green,30424565-m-army-green,23.98,https://cdn.shopify.com/s/files/1/0252/8251/0902/products/product-image-1309393691.jpg?v=1584384457
aproms-candy-color-ribbed-knitted-cardigan-women-autumn-winter-long-sleeve-basic-cropped-sweaters-female-casual-short-jumper-top,S,Army Green,30424565-s-army-green,23.98,https://cdn.shopify.com/s/files/1/0252/8251/0902/products/product-image-1309393691.jpg?v=1584384457
aproms-candy-color-ribbed-knitted-cardigan-women-autumn-winter-long-sleeve-basic-cropped-sweaters-female-casual-short-jumper-top,M,Pink,30424565-m-pink,23.98,https://cdn.shopify.com/s/files/1/0252/8251/0902/products/product-image-1309393693.jpg?v=1584384457
aproms-candy-color-ribbed-knitted-cardigan-women-autumn-winter-long-sleeve-basic-cropped-sweaters-female-casual-short-jumper-top,S,Pink,30424565-s-pink,23.98,https://cdn.shopify.com/s/files/1/0252/8251/0902/products/product-image-1309393693.jpg?v=1584384457
aproms-candy-color-ribbed-knitted-cardigan-women-autumn-winter-long-sleeve-basic-cropped-sweaters-female-casual-short-jumper-top,M,Black,30424565-m-black,23.98,https://cdn.shopify.com/s/files/1/0252/8251/0902/products/product-image-1309393690.jpg?v=1584384457
aproms-candy-color-ribbed-knitted-cardigan-women-autumn-winter-long-sleeve-basic-cropped-sweaters-female-casual-short-jumper-top,S,Black,30424565-s-black,23.98,https://cdn.shopify.com/s/files/1/0252/8251/0902/products/product-image-1309393690.jpg?v=1584384457
aproms-candy-color-ribbed-knitted-cardigan-women-autumn-winter-long-sleeve-basic-cropped-sweaters-female-casual-short-jumper-top,M,White,30424565-m-white,23.98,https://cdn.shopify.com/s/files/1/0252/8251/0902/products/product-image-1309393696.jpg?v=1584384457
aproms-candy-color-ribbed-knitted-cardigan-women-autumn-winter-long-sleeve-basic-cropped-sweaters-female-casual-short-jumper-top,S,White,30424565-s-white,23.98,https://cdn.shopify.com/s/files/1/0252/8251/0902/products/product-image-1309393696.jpg?v=1584384457
aproms-candy-color-ribbed-knitted-cardigan-women-autumn-winter-long-sleeve-basic-cropped-sweaters-female-casual-short-jumper-top,M,Red,30424565-m-red,23.98,https://cdn.shopify.com/s/files/1/0252/8251/0902/products/product-image-1309393695.jpg?v=1584384457
aproms-candy-color-ribbed-knitted-cardigan-women-autumn-winter-long-sleeve-basic-cropped-sweaters-female-casual-short-jumper-top,S,Red,30424565-s-red,19.98,https://cdn.shopify.com/s/files/1/0252/8251/0902/products/product-image-1309393695.jpg?v=1584384457
berrygo-vintage-mohair-long-cardigan-women-sweaters-female-long-sleeve-pocket-winter-cardigans-casual-knitwear-pure-jumpers,M,Gray,27790886-m-gray,53.16,https://cdn.shopify.com/s/files/1/0252/8251/0902/products/product-image-1301917403.jpg?v=1584384451
berrygo-vintage-mohair-long-cardigan-women-sweaters-female-long-sleeve-pocket-winter-cardigans-casual-knitwear-pure-jumpers,L,Gray,27790886-l-gray,53.16,https://cdn.shopify.com/s/files/1/0252/8251/0902/products/product-image-1301917403.jpg?v=1584384451
berrygo-vintage-mohair-long-cardigan-women-sweaters-female-long-sleeve-pocket-winter-cardigans-casual-knitwear-pure-jumpers,L,Khaki,27790886-l-khaki,53.16,https://cdn.shopify.com/s/files/1/0252/8251/0902/products/product-image-1301917402.jpg?v=1584384451
berrygo-vintage-mohair-long-cardigan-women-sweaters-female-long-sleeve-pocket-winter-cardigans-casual-knitwear-pure-jumpers,S,Gray,27790886-s-gray,53.16,https://cdn.shopify.com/s/files/1/0252/8251/0902/products/product-image-1301917403.jpg?v=1584384451
berrygo-vintage-mohair-long-cardigan-women-sweaters-female-long-sleeve-pocket-winter-cardigans-casual-knitwear-pure-jumpers,S,Khaki,27790886-s-khaki,53.16,https://cdn.shopify.com/s/files/1/0252/8251/0902/products/product-image-1301917402.jpg?v=1584384451
berrygo-vintage-mohair-long-cardigan-women-sweaters-female-long-sleeve-pocket-winter-cardigans-casual-knitwear-pure-jumpers,M,Khaki,27790886-m-khaki,53.16,https://cdn.shopify.com/s/files/1/0252/8251/0902/products/product-image-1301917402.jpg?v=1584384451
parakini-2019-sexy-micro-mini-bikini-set-women-erotic-transparent-swimwear-bathing-suit-tiny-g-string-thong-bikinis-beachwear,Blue,Size fits all,25381455-blue-size-fits-all,6.94,https://cdn.shopify.com/s/files/1/0252/8251/0902/products/product-image-1306532826.jpg?v=1584384453
parakini-2019-sexy-micro-mini-bikini-set-women-erotic-transparent-swimwear-bathing-suit-tiny-g-string-thong-bikinis-beachwear,as,Size fits all,25381455-as-size-fits-all,6.94,https://cdn.shopify.com/s/files/1/0252/8251/0902/products/product-image-1306532824.jpg?v=1584384456
parakini-2019-sexy-micro-mini-bikini-set-women-erotic-transparent-swimwear-bathing-suit-tiny-g-string-thong-bikinis-beachwear,Black,Size fits all,25381455-black-size-fits-all,6.94,https://cdn.shopify.com/s/files/1/0252/8251/0902/products/product-image-1306532825.jpg?v=1584384453
parakini-2019-sexy-micro-mini-bikini-set-women-erotic-transparent-swimwear-bathing-suit-tiny-g-string-thong-bikinis-beachwear,White,Size fits all,25381455-white-size-fits-all,6.94,https://cdn.shopify.com/s/files/1/0252/8251/0902/products/product-image-1306532836.jpg?v=1584384453
parakini-2019-sexy-micro-mini-bikini-set-women-erotic-transparent-swimwear-bathing-suit-tiny-g-string-thong-bikinis-beachwear,Purple,Size fits all,25381455-purple-size-fits-all,6.94,https://cdn.shopify.com/s/files/1/0252/8251/0902/products/product-image-1306532834.jpg?v=1584384453
parakini-2019-sexy-micro-mini-bikini-set-women-erotic-transparent-swimwear-bathing-suit-tiny-g-string-thong-bikinis-beachwear,Orange,Size fits all,25381455-orange-size-fits-all,6.94,https://cdn.shopify.com/s/files/1/0252/8251/0902/products/product-image-1306532832.jpg?v=1584384455
parakini-2019-sexy-micro-mini-bikini-set-women-erotic-transparent-swimwear-bathing-suit-tiny-g-string-thong-bikinis-beachwear,green,Size fits all,25381455-green-size-fits-all,6.94,https://cdn.shopify.com/s/files/1/0252/8251/0902/products/product-image-1306532830.jpg?v=1584384453
parakini-2019-sexy-micro-mini-bikini-set-women-erotic-transparent-swimwear-bathing-suit-tiny-g-string-thong-bikinis-beachwear,Red,Size fits all,25381455-red-size-fits-all,6.94,https://cdn.shopify.com/s/files/1/0252/8251/0902/products/product-image-1306532835.jpg?v=1584384453
parakini-2019-sexy-micro-mini-bikini-set-women-erotic-transparent-swimwear-bathing-suit-tiny-g-string-thong-bikinis-beachwear,Pink,Size fits all,25381455-pink-size-fits-all,6.94,https://cdn.shopify.com/s/files/1/0252/8251/0902/products/product-image-1306532833.jpg?v=1584384454
parakini-2019-sexy-micro-mini-bikini-set-women-erotic-transparent-swimwear-bathing-suit-tiny-g-string-thong-bikinis-beachwear,Sky Blue,Size fits all,25381455-sky-blue-size-fits-all,6.94,https://cdn.shopify.com/s/files/1/0252/8251/0902/products/product-image-1306532838.jpg?v=1584384454
parakini-2019-sexy-micro-mini-bikini-set-women-erotic-transparent-swimwear-bathing-suit-tiny-g-string-thong-bikinis-beachwear,Yellow,Size fits all,25381455-yellow-size-fits-all,6.94,https://cdn.shopify.com/s/files/1/0252/8251/0902/products/product-image-1306532837.jpg?v=1584384455
parakini-2019-sexy-micro-mini-bikini-set-women-erotic-transparent-swimwear-bathing-suit-tiny-g-string-thong-bikinis-beachwear,as 2,Size fits all,25381455-as-2-size-fits-all,6.94,https://cdn.shopify.com/s/files/1/0252/8251/0902/products/product-image-1306532828.jpg?v=1584384457
parakini-2019-sexy-micro-mini-bikini-set-women-erotic-transparent-swimwear-bathing-suit-tiny-g-string-thong-bikinis-beachwear,Gray,Size fits all,25381455-gray-size-fits-all,6.94,https://cdn.shopify.com/s/files/1/0252/8251/0902/products/product-image-1306532829.jpg?v=1584384453
parakini-2019-sexy-micro-mini-bikini-set-women-erotic-transparent-swimwear-bathing-suit-tiny-g-string-thong-bikinis-beachwear,Brown,Size fits all,25381455-brown-size-fits-all,6.94,https://cdn.shopify.com/s/files/1/0252/8251/0902/products/product-image-1306532827.jpg?v=1584384453
parakini-2019-sexy-micro-mini-bikini-set-women-erotic-transparent-swimwear-bathing-suit-tiny-g-string-thong-bikinis-beachwear,rose red,Size fits all,25381455-rose-red-size-fits-all,6.94,https://cdn.shopify.com/s/files/1/0252/8251/0902/products/product-image-1306532839.jpg?v=1584384456
parakini-2019-sexy-micro-mini-bikini-set-women-erotic-transparent-swimwear-bathing-suit-tiny-g-string-thong-bikinis-beachwear,Khaki,Size fits all,25381455-khaki-size-fits-all,6.94,https://cdn.shopify.com/s/files/1/0252/8251/0902/products/product-image-1306532831.jpg?v=1584384454
sweater-women-2020-autumn-winter-fashion-solid-o-neck-pullover-sweaters-korean-style-knitted-long-sleeve-jumpers-casual-tops,One Size,Orange,30095421-one-size-orange,31.86,https://cdn.shopify.com/s/files/1/0252/8251/0902/products/product-image-1285997164.jpg?v=1584384450
sweater-women-2020-autumn-winter-fashion-solid-o-neck-pullover-sweaters-korean-style-knitted-long-sleeve-jumpers-casual-tops,One Size,Red,30095421-one-size-red,31.86,https://cdn.shopify.com/s/files/1/0252/8251/0902/products/product-image-1285997165.jpg?v=1584384450
sweater-women-2020-autumn-winter-fashion-solid-o-neck-pullover-sweaters-korean-style-knitted-long-sleeve-jumpers-casual-tops,One Size,White,30095421-one-size-white,31.86,https://cdn.shopify.com/s/files/1/0252/8251/0902/products/product-image-1285997166.jpg?v=1584384449
sweater-women-2020-autumn-winter-fashion-solid-o-neck-pullover-sweaters-korean-style-knitted-long-sleeve-jumpers-casual-tops,One Size,Light Blue,30095421-one-size-light-blue,31.86,https://cdn.shopify.com/s/files/1/0252/8251/0902/products/product-image-1285997161.jpg?v=1584384451
sweater-women-2020-autumn-winter-fashion-solid-o-neck-pullover-sweaters-korean-style-knitted-long-sleeve-jumpers-casual-tops,One Size,Green,30095421-one-size-green,31.86,https://cdn.shopify.com/s/files/1/0252/8251/0902/products/product-image-1285997162.jpg?v=1584384450
sweater-women-2020-autumn-winter-fashion-solid-o-neck-pullover-sweaters-korean-style-knitted-long-sleeve-jumpers-casual-tops,One Size,Royal Blue,30095421-one-size-royal-blue,31.86,https://cdn.shopify.com/s/files/1/0252/8251/0902/products/product-image-1285997163.jpg?v=1584384451
trendyol-polka-dot-bluz-twoss20bz0536,Lacivert,36,34466457-lacivert-36,48.24,https://cdn.shopify.com/s/files/1/0252/8251/0902/products/product-image-1289990252.jpg?v=1584384449
trendyol-polka-dot-bluz-twoss20bz0536,Lacivert,40,34466457-lacivert-40,48.24,https://cdn.shopify.com/s/files/1/0252/8251/0902/products/product-image-1289990252.jpg?v=1584384449
trendyol-polka-dot-bluz-twoss20bz0536,Lacivert,38,34466457-lacivert-38,48.24,https://cdn.shopify.com/s/files/1/0252/8251/0902/products/product-image-1289990252.jpg?v=1584384449
trendyol-polka-dot-bluz-twoss20bz0536,Lacivert,42,34466457-lacivert-42,48.24,https://cdn.shopify.com/s/files/1/0252/8251/0902/products/product-image-1289990252.jpg?v=1584384449
trendyol-polka-dot-bluz-twoss20bz0536,Lacivert,34,34466457-lacivert-34,48.24,https://cdn.shopify.com/s/files/1/0252/8251/0902/products/product-image-1289990252.jpg?v=1584384449